Id,Top-Left,Bottom-Right,Top,Bottom,Left,Right,Top_Box,Bottom_Box,Left_Box,Right_Box
0,"(290, 85)","(435, 147)","(362.5, 85)","(362.5, 147)","(290, 116.0)","(435, 116.0)","[-1, 0]","[-1, 0]","[-1, 0]","[-1, 0]"
1,"(563, 82)","(730, 147)","(646.5, 82)","(646.5, 147)","(563, 114.5)","(730, 114.5)","[-1, 0]","[-1, 0]","[-1, 0]","[-1, 0]"
2,"(744, 92)","(940, 140)","(842.0, 92)","(842.0, 140)","(744, 116.0)","(940, 116.0)","[-1, 0]","[-1, 0]","[-1, 0]","[-1, 0]"
3,"(1163, 92)","(1184, 147)","(1173.5, 92)","(1173.5, 147)","(1163, 119.5)","(1184, 119.5)","[107.51046460693954, 5]","[107.51046460693954, 5]","[-1, 0]","[-1, 0]"
4,"(1218, 79)","(1344, 157)","(1281.0, 79)","(1281.0, 157)","(1218, 118.0)","(1344, 118.0)","[107.51046460693954, 4]","[107.51046460693954, 4]","[-1, 0]","[-1, 0]"
5,"(1385, 92)","(1511, 144)","(1448.0, 92)","(1448.0, 144)","(1385, 118.0)","(1511, 118.0)","[-1, 0]","[-1, 0]","[-1, 0]","[-1, 0]"
6,"(1646, 79)","(1813, 154)","(1729.5, 79)","(1729.5, 154)","(1646, 116.5)","(1813, 116.5)","[-1, 0]","[-1, 0]","[-1, 0]","[-1, 0]"
7,"(1834, 79)","(1897, 140)","(1865.5, 79)","(1865.5, 140)","(1834, 109.5)","(1897, 109.5)","[-1, 0]","[-1, 0]","[-1, 0]","[-1, 0]"
8,"(1907, 82)","(1994, 137)","(1950.5, 82)","(1950.5, 137)","(1907, 109.5)","(1994, 109.5)","[-1, 0]","[-1, 0]","[-1, 0]","[-1, 0]"
9,"(2127, 89)","(2195, 144)","(2161.0, 89)","(2161.0, 144)","(2127, 116.5)","(2195, 116.5)","[-1, 0]","[-1, 0]","[-1, 0]","[-1, 0]"
10,"(406, 208)","(488, 280)","(447.0, 208)","(447.0, 280)","(406, 244.0)","(488, 244.0)","[76.69745758498127, 14]","[-1, 0]","[76.69745758498127, 14]","[76.69745758498127, 14]"
11,"(508, 212)","(679, 287)","(593.5, 212)","(593.5, 287)","(508, 249.5)","(679, 249.5)","[83.06924822098729, 15]","[-1, 0]","[83.06924822098729, 15]","[83.06924822098729, 15]"
12,"(305, 287)","(348, 352)","(326.5, 287)","(326.5, 352)","(305, 319.5)","(348, 319.5)","[92.71596410543332, 18]","[-1, 0]","[92.71596410543332, 18]","[92.71596410543332, 18]"
13,"(384, 287)","(537, 352)","(460.5, 287)","(460.5, 352)","(384, 319.5)","(537, 319.5)","[119.26546021376012, 18]","[76.69745758498127, 11]","[76.69745758498127, 11]","[76.69745758498127, 11]"
14,"(573, 294)","(655, 366)","(614.0, 294)","(614.0, 366)","(573, 330.0)","(655, 330.0)","[97.9247159812067, 20]","[83.06924822098729, 12]","[83.06924822098729, 12]","[83.06924822098729, 12]"
15,"(696, 294)","(807, 359)","(751.5, 294)","(751.5, 359)","(696, 326.5)","(807, 326.5)","[87.51714117817149, 21]","[123.67093433786292, 17]","[87.51714117817149, 21]","[87.51714117817149, 21]"
16,"(844, 304)","(906, 362)","(875.0, 304)","(875.0, 362)","(844, 333.0)","(906, 333.0)","[106.51877768731671, 22]","[123.67093433786292, 16]","[-1, 0]","[-1, 0]"
17,"(305, 369)","(440, 431)","(372.5, 369)","(372.5, 431)","(305, 400.0)","(440, 400.0)","[88.9508291136176, 25]","[92.71596410543332, 13]","[88.9508291136176, 25]","[88.9508291136176, 25]"
18,"(462, 373)","(628, 438)","(545.0, 373)","(545.0, 438)","(462, 405.5)","(628, 405.5)","[86.88498144098322, 26]","[102.28025224841792, 15]","[86.88498144098322, 26]","[86.88498144098322, 26]"
19,"(650, 373)","(699, 441)","(674.5, 373)","(674.5, 441)","(650, 407.0)","(699, 407.0)","[67.8122407829147, 21]","[67.8122407829147, 21]","[67.8122407829147, 21]","[80.15609770940699, 27]"
20,"(718, 376)","(766, 451)","(742.0, 376)","(742.0, 451)","(718, 413.5)","(766, 413.5)","[67.59067983087608, 22]","[67.59067983087608, 22]","[67.59067983087608, 22]","[67.8122407829147, 20]"
21,"(788, 383)","(831, 451)","(809.5, 383)","(809.5, 451)","(788, 417.0)","(831, 417.0)","[67.59067983087608, 21]","[67.59067983087608, 21]","[80.4114419718985, 28]","[67.59067983087608, 21]"
22,"(853, 379)","(1078, 455)","(965.5, 379)","(965.5, 455)","(853, 417.0)","(1078, 417.0)","[-1, 0]","[119.86763533164405, 39]","[-1, 0]","[-1, 0]"
23,"(1100, 373)","(1146, 438)","(1123.0, 373)","(1123.0, 438)","(1100, 405.5)","(1146, 405.5)","[99.8611536083977, 31]","[84.77027781009096, 40]","[84.77027781009096, 40]","[84.77027781009096, 40]"
24,"(305, 455)","(408, 520)","(356.5, 455)","(356.5, 520)","(305, 487.5)","(408, 487.5)","[84.28671306914275, 33]","[88.9508291136176, 18]","[84.28671306914275, 33]","[84.28671306914275, 33]"
25,"(433, 458)","(621, 523)","(527.0, 458)","(527.0, 523)","(433, 490.5)","(621, 490.5)","[82.28000972289685, 34]","[86.88498144098322, 19]","[82.28000972289685, 34]","[82.28000972289685, 34]"
26,"(648, 458)","(711, 516)","(679.5, 458)","(679.5, 516)","(648, 487.0)","(711, 487.0)","[101.1236866416568, 28]","[80.15609770940699, 20]","[80.15609770940699, 20]","[80.15609770940699, 20]"
27,"(732, 458)","(829, 526)","(780.5, 458)","(780.5, 526)","(732, 492.0)","(829, 492.0)","[86.81301745706112, 35]","[80.4114419718985, 22]","[80.4114419718985, 22]","[80.4114419718985, 22]"
28,"(851, 461)","(935, 516)","(893.0, 461)","(893.0, 516)","(851, 488.5)","(935, 488.5)","[81.09870529176159, 36]","[-1, 0]","[81.09870529176159, 36]","[81.09870529176159, 36]"
29,"(957, 468)","(1020, 526)","(988.5, 468)","(988.5, 526)","(957, 497.0)","(1020, 497.0)","[-1, 0]","[-1, 0]","[-1, 0]","[-1, 0]"
30,"(1042, 461)","(1124, 533)","(1083.0, 461)","(1083.0, 533)","(1042, 497.0)","(1124, 497.0)","[83.02409288875127, 32]","[83.02409288875127, 32]","[83.02409288875127, 32]","[84.97793831342344, 37]"
31,"(1143, 461)","(1189, 537)","(1166.0, 461)","(1166.0, 537)","(1143, 499.0)","(1189, 499.0)","[70.02856560004639, 38]","[83.02409288875127, 31]","[70.02856560004639, 38]","[70.02856560004639, 38]"
32,"(312, 537)","(440, 602)","(376.0, 537)","(376.0, 602)","(312, 569.5)","(440, 569.5)","[76.73493337457198, 88]","[84.28671306914275, 25]","[76.73493337457198, 88]","[76.73493337457198, 88]"
33,"(481, 537)","(619, 602)","(550.0, 537)","(550.0, 602)","(481, 569.5)","(619, 569.5)","[-1, 0]","[82.28000972289685, 26]","[82.28000972289685, 26]","[82.28000972289685, 26]"
34,"(660, 540)","(836, 605)","(748.0, 540)","(748.0, 605)","(660, 572.5)","(836, 572.5)","[-1, 0]","[86.81301745706112, 28]","[86.81301745706112, 28]","[86.81301745706112, 28]"
35,"(851, 537)","(943, 602)","(897.0, 537)","(897.0, 602)","(851, 569.5)","(943, 569.5)","[-1, 0]","[81.09870529176159, 29]","[81.09870529176159, 29]","[81.09870529176159, 29]"
36,"(981, 543)","(1107, 602)","(1044.0, 543)","(1044.0, 602)","(981, 572.5)","(1107, 572.5)","[120.05103081606588, 38]","[84.97793831342344, 31]","[84.97793831342344, 31]","[84.97793831342344, 31]"
37,"(1134, 540)","(1194, 598)","(1164.0, 540)","(1164.0, 598)","(1134, 569.0)","(1194, 569.0)","[120.05103081606588, 37]","[70.02856560004639, 32]","[70.02856560004639, 32]","[70.02856560004639, 32]"
38,"(1032, 308)","(1071, 359)","(1051.5, 308)","(1051.5, 359)","(1032, 333.5)","(1071, 333.5)","[96.91878042980112, 40]","[96.91878042980112, 40]","[96.91878042980112, 40]","[-1, 0]"
39,"(1107, 297)","(1189, 352)","(1148.0, 297)","(1148.0, 352)","(1107, 324.5)","(1189, 324.5)","[84.77027781009096, 24]","[96.91878042980112, 39]","[84.77027781009096, 24]","[84.77027781009096, 24]"
40,"(1385, 304)","(1462, 355)","(1423.5, 304)","(1423.5, 355)","(1385, 329.5)","(1462, 329.5)","[75.13487871820917, 42]","[75.13487871820917, 42]","[75.13487871820917, 42]","[87.23531395025755, 51]"
41,"(1477, 291)","(1520, 359)","(1498.5, 291)","(1498.5, 359)","(1477, 325.0)","(1520, 325.0)","[59.53360395608517, 43]","[59.53360395608517, 43]","[59.53360395608517, 43]","[75.13487871820917, 41]"
42,"(1535, 291)","(1581, 355)","(1558.0, 291)","(1558.0, 355)","(1535, 323.0)","(1581, 323.0)","[59.53360395608517, 42]","[59.53360395608517, 42]","[90.52209674990964, 44]","[59.53360395608517, 42]"
43,"(1593, 291)","(1704, 359)","(1648.5, 291)","(1648.5, 359)","(1593, 325.0)","(1704, 325.0)","[88.80596826790416, 52]","[90.52209674990964, 43]","[88.80596826790416, 52]","[88.80596826790416, 52]"
44,"(1723, 304)","(1757, 362)","(1740.0, 304)","(1740.0, 362)","(1723, 333.0)","(1757, 333.0)","[73.83935265155024, 53]","[91.84906096417099, 44]","[73.83935265155024, 53]","[73.83935265155024, 53]"
45,"(1781, 291)","(1900, 359)","(1840.5, 291)","(1840.5, 359)","(1781, 325.0)","(1900, 325.0)","[80.51397394241573, 54]","[100.81790515578074, 45]","[80.51397394241573, 54]","[80.51397394241573, 54]"
46,"(1917, 291)","(2011, 355)","(1964.0, 291)","(1964.0, 355)","(1917, 323.0)","(2011, 323.0)","[84.52366532516204, 55]","[97.8698114844409, 48]","[84.52366532516204, 55]","[84.52366532516204, 55]"
47,"(2025, 304)","(2098, 359)","(2061.5, 304)","(2061.5, 359)","(2025, 331.5)","(2098, 331.5)","[81.02468759581859, 56]","[97.37171047075223, 49]","[81.02468759581859, 56]","[81.02468759581859, 56]"
48,"(2115, 291)","(2202, 355)","(2158.5, 291)","(2158.5, 355)","(2115, 323.0)","(2202, 323.0)","[92.01222744831254, 50]","[92.01222744831254, 50]","[92.01222744831254, 50]","[95.9296617319169, 57]"
49,"(2224, 291)","(2277, 352)","(2250.5, 291)","(2250.5, 352)","(2224, 321.5)","(2277, 321.5)","[90.17344398435716, 58]","[92.01222744831254, 49]","[90.17344398435716, 58]","[90.17344398435716, 58]"
50,"(1385, 369)","(1544, 444)","(1464.5, 369)","(1464.5, 444)","(1385, 406.5)","(1544, 406.5)","[97.2753822917186, 81]","[87.23531395025755, 41]","[87.23531395025755, 41]","[87.23531395025755, 41]"
51,"(1564, 373)","(1658, 438)","(1611.0, 373)","(1611.0, 438)","(1564, 405.5)","(1658, 405.5)","[87.11630157438962, 83]","[88.80596826790416, 44]","[87.11630157438962, 83]","[87.11630157438962, 83]"
52,"(1680, 373)","(1772, 438)","(1726.0, 373)","(1726.0, 438)","(1680, 405.5)","(1772, 405.5)","[96.3768644437035, 84]","[73.83935265155024, 45]","[73.83935265155024, 45]","[73.83935265155024, 45]"
53,"(1796, 373)","(1888, 438)","(1842.0, 373)","(1842.0, 438)","(1796, 405.5)","(1888, 405.5)","[83.96576683387106, 85]","[80.51397394241573, 46]","[80.51397394241573, 46]","[80.51397394241573, 46]"
54,"(1912, 376)","(1975, 434)","(1943.5, 376)","(1943.5, 434)","(1912, 405.0)","(1975, 405.0)","[101.50123151962246, 54]","[84.52366532516204, 47]","[84.52366532516204, 47]","[84.52366532516204, 47]"
55,"(2001, 390)","(2158, 431)","(2079.5, 390)","(2079.5, 431)","(2001, 410.5)","(2158, 410.5)","[99.58036955143318, 86]","[81.02468759581859, 48]","[81.02468759581859, 48]","[81.02468759581859, 48]"
56,"(2185, 376)","(2219, 441)","(2202.0, 376)","(2202.0, 441)","(2185, 408.5)","(2219, 408.5)","[63.0317380372777, 58]","[63.0317380372777, 58]","[63.0317380372777, 58]","[77.78174593052023, 87]"
57,"(2253, 390)","(2277, 431)","(2265.0, 390)","(2265.0, 431)","(2253, 410.5)","(2277, 410.5)","[63.0317380372777, 57]","[63.0317380372777, 57]","[90.17344398435716, 50]","[63.0317380372777, 57]"
58,"(1387, 537)","(1448, 598)","(1417.5, 537)","(1417.5, 598)","(1387, 567.5)","(1448, 567.5)","[76.66322456041097, 60]","[73.63762625180146, 81]","[73.63762625180146, 81]","[73.63762625180146, 81]"
59,"(1453, 537)","(1535, 608)","(1494.0, 537)","(1494.0, 608)","(1453, 572.5)","(1535, 572.5)","[70.34912934784623, 61]","[70.34912934784623, 61]","[70.34912934784623, 61]","[74.8615388567454, 82]"
60,"(1542, 533)","(1586, 598)","(1564.0, 533)","(1564.0, 598)","(1542, 565.5)","(1586, 565.5)","[67.72370338367506, 62]","[67.72370338367506, 62]","[67.72370338367506, 62]","[70.34912934784623, 60]"
61,"(1590, 540)","(1673, 602)","(1631.5, 540)","(1631.5, 602)","(1590, 571.0)","(1673, 571.0)","[67.72370338367506, 61]","[67.72370338367506, 61]","[79.52515325354614, 63]","[67.72370338367506, 61]"
62,"(1677, 540)","(1745, 598)","(1711.0, 540)","(1711.0, 598)","(1677, 569.0)","(1745, 569.0)","[79.52515325354614, 62]","[79.52515325354614, 62]","[81.76337811025178, 84]","[79.52515325354614, 62]"
63,"(1755, 537)","(1873, 602)","(1814.0, 537)","(1814.0, 602)","(1755, 569.5)","(1873, 569.5)","[78.77182237323191, 71]","[99.5904111850132, 85]","[78.77182237323191, 71]","[78.77182237323191, 71]"
64,"(1880, 533)","(1975, 598)","(1927.5, 533)","(1927.5, 598)","(1880, 565.5)","(1975, 565.5)","[91.94155752433173, 66]","[91.94155752433173, 66]","[91.94155752433173, 66]","[92.60939477180487, 72]"
65,"(1984, 547)","(2054, 602)","(2019.0, 547)","(2019.0, 602)","(1984, 574.5)","(2054, 574.5)","[72.41892017974308, 73]","[82.09750300709517, 86]","[72.41892017974308, 73]","[72.41892017974308, 73]"
66,"(2064, 533)","(2270, 595)","(2167.0, 533)","(2167.0, 595)","(2064, 564.0)","(2270, 564.0)","[92.82375773475236, 74]","[82.08684425655551, 87]","[82.08684425655551, 87]","[82.08684425655551, 87]"
67,"(1385, 608)","(1484, 687)","(1434.5, 608)","(1434.5, 687)","(1385, 647.5)","(1484, 647.5)","[86.81301745706112, 76]","[81.78630692236935, 59]","[81.78630692236935, 59]","[81.78630692236935, 59]"
68,"(1499, 612)","(1600, 677)","(1549.5, 612)","(1549.5, 677)","(1499, 644.5)","(1600, 644.5)","[115.03912377969506, 68]","[80.31967380411851, 61]","[80.31967380411851, 61]","[80.31967380411851, 61]"
69,"(1624, 619)","(1760, 684)","(1692.0, 619)","(1692.0, 684)","(1624, 651.5)","(1760, 651.5)","[102.17631819555841, 78]","[84.65961256703223, 63]","[84.65961256703223, 63]","[84.65961256703223, 63]"
70,"(1779, 615)","(1871, 680)","(1825.0, 615)","(1825.0, 680)","(1779, 647.5)","(1871, 647.5)","[84.53549550336828, 79]","[78.77182237323191, 64]","[78.77182237323191, 64]","[78.77182237323191, 64]"
71,"(1888, 622)","(1958, 694)","(1923.0, 622)","(1923.0, 694)","(1888, 658.0)","(1958, 658.0)","[71.80529228406496, 80]","[85.34781778112432, 73]","[71.80529228406496, 80]","[71.80529228406496, 80]"
72,"(1977, 615)","(2038, 677)","(2007.5, 615)","(2007.5, 677)","(1977, 646.0)","(2038, 646.0)","[85.34781778112432, 72]","[72.41892017974308, 66]","[72.41892017974308, 66]","[72.41892017974308, 66]"
73,"(2064, 619)","(2183, 673)","(2123.5, 619)","(2123.5, 673)","(2064, 646.0)","(2183, 646.0)","[116.0, 73]","[92.82375773475236, 67]","[92.82375773475236, 67]","[92.82375773475236, 67]"
74,"(2209, 605)","(2279, 677)","(2244.0, 605)","(2244.0, 677)","(2209, 641.0)","(2279, 641.0)","[120.60368982746755, 74]","[108.89444430272832, 67]","[-1, 0]","[-1, 0]"
75,"(1397, 697)","(1537, 759)","(1467.0, 697)","(1467.0, 759)","(1397, 728.0)","(1537, 728.0)","[-1, 0]","[86.81301745706112, 68]","[86.81301745706112, 68]","[86.81301745706112, 68]"
76,"(1559, 714)","(1716, 766)","(1637.5, 714)","(1637.5, 766)","(1559, 740.0)","(1716, 740.0)","[120.95660378830087, 78]","[103.93507588874894, 70]","[103.93507588874894, 70]","[103.93507588874894, 70]"
77,"(1735, 697)","(1781, 762)","(1758.0, 697)","(1758.0, 762)","(1735, 729.5)","(1781, 729.5)","[76.52613932506983, 79]","[76.52613932506983, 79]","[76.52613932506983, 79]","[102.17631819555841, 70]"
78,"(1796, 694)","(1873, 769)","(1834.5, 694)","(1834.5, 769)","(1796, 731.5)","(1873, 731.5)","[72.58443359288546, 80]","[72.58443359288546, 80]","[72.58443359288546, 80]","[76.52613932506983, 78]"
79,"(1885, 694)","(1929, 762)","(1907.0, 694)","(1907.0, 762)","(1885, 728.0)","(1929, 728.0)","[72.58443359288546, 79]","[71.80529228406496, 72]","[71.80529228406496, 72]","[71.80529228406496, 72]"
80,"(1387, 455)","(1457, 533)","(1422.0, 455)","(1422.0, 533)","(1387, 494.0)","(1457, 494.0)","[73.63762625180146, 59]","[92.72809714428524, 82]","[73.63762625180146, 59]","[73.63762625180146, 59]"
81,"(1465, 468)","(1564, 533)","(1514.5, 468)","(1514.5, 533)","(1465, 500.5)","(1564, 500.5)","[74.8615388567454, 60]","[92.72809714428524, 81]","[74.8615388567454, 60]","[74.8615388567454, 60]"
82,"(1578, 472)","(1653, 513)","(1615.5, 472)","(1615.5, 513)","(1578, 492.5)","(1653, 492.5)","[68.0018382104484, 84]","[68.0018382104484, 84]","[68.0018382104484, 84]","[80.11398130164298, 62]"
83,"(1668, 458)","(1699, 526)","(1683.5, 458)","(1683.5, 526)","(1668, 492.0)","(1699, 492.0)","[68.0018382104484, 83]","[68.0018382104484, 83]","[81.76337811025178, 63]","[68.0018382104484, 83]"
84,"(1801, 455)","(1934, 516)","(1867.5, 455)","(1867.5, 516)","(1801, 485.5)","(1934, 485.5)","[99.5904111850132, 64]","[83.96576683387106, 54]","[83.96576683387106, 54]","[83.96576683387106, 54]"
85,"(1948, 472)","(2098, 513)","(2023.0, 472)","(2023.0, 513)","(1948, 492.5)","(2098, 492.5)","[82.09750300709517, 66]","[99.58036955143318, 56]","[82.09750300709517, 66]","[82.09750300709517, 66]"
86,"(2110, 455)","(2272, 516)","(2191.0, 455)","(2191.0, 516)","(2110, 485.5)","(2272, 485.5)","[82.08684425655551, 67]","[77.78174593052023, 57]","[77.78174593052023, 57]","[77.78174593052023, 57]"
87,"(307, 615)","(457, 677)","(382.0, 615)","(382.0, 677)","(307, 646.0)","(457, 646.0)","[-1, 0]","[76.73493337457198, 33]","[76.73493337457198, 33]","[76.73493337457198, 33]"
88,"(411, 793)","(556, 854)","(483.5, 793)","(483.5, 854)","(411, 823.5)","(556, 823.5)","[109.24856978468871, 96]","[123.10158406779338, 90]","[-1, 0]","[-1, 0]"
89,"(580, 796)","(633, 861)","(606.5, 796)","(606.5, 861)","(580, 828.5)","(633, 828.5)","[-1, 0]","[123.10158406779338, 89]","[-1, 0]","[-1, 0]"
90,"(662, 796)","(822, 872)","(742.0, 796)","(742.0, 872)","(662, 834.0)","(822, 834.0)","[76.77564718060017, 98]","[-1, 0]","[76.77564718060017, 98]","[76.77564718060017, 98]"
91,"(848, 796)","(894, 861)","(871.0, 796)","(871.0, 861)","(848, 828.5)","(894, 828.5)","[82.94727240844028, 99]","[88.77640452282351, 93]","[82.94727240844028, 99]","[82.94727240844028, 99]"
92,"(909, 796)","(1010, 875)","(959.5, 796)","(959.5, 875)","(909, 835.5)","(1010, 835.5)","[78.50159234053791, 100]","[88.77640452282351, 92]","[78.50159234053791, 100]","[78.50159234053791, 100]"
93,"(1030, 800)","(1076, 865)","(1053.0, 800)","(1053.0, 865)","(1030, 832.5)","(1076, 832.5)","[93.54811596178727, 93]","[93.54811596178727, 93]","[93.72566350792081, 95]","[93.54811596178727, 93]"
94,"(1097, 813)","(1196, 865)","(1146.5, 813)","(1146.5, 865)","(1097, 839.0)","(1196, 839.0)","[80.95677859203639, 101]","[93.72566350792081, 94]","[80.95677859203639, 101]","[80.95677859203639, 101]"
95,"(314, 875)","(498, 926)","(406.0, 875)","(406.0, 926)","(314, 900.5)","(498, 900.5)","[94.7800084405989, 102]","[109.24856978468871, 89]","[94.7800084405989, 102]","[94.7800084405989, 102]"
96,"(539, 892)","(631, 933)","(585.0, 892)","(585.0, 933)","(539, 912.5)","(631, 912.5)","[81.02468759581859, 103]","[-1, 0]","[81.02468759581859, 103]","[81.02468759581859, 103]"
97,"(670, 878)","(827, 943)","(748.5, 878)","(748.5, 943)","(670, 910.5)","(827, 910.5)","[83.47005451058482, 105]","[76.77564718060017, 91]","[76.77564718060017, 91]","[76.77564718060017, 91]"
98,"(868, 878)","(914, 940)","(891.0, 878)","(891.0, 940)","(868, 909.0)","(914, 909.0)","[89.00140448330015, 106]","[82.94727240844028, 92]","[82.94727240844028, 92]","[82.94727240844028, 92]"
99,"(947, 875)","(1015, 947)","(981.0, 875)","(981.0, 947)","(947, 911.0)","(1015, 911.0)","[88.3911760301898, 107]","[78.50159234053791, 93]","[78.50159234053791, 93]","[78.50159234053791, 93]"
100,"(1047, 878)","(1196, 954)","(1121.5, 878)","(1121.5, 954)","(1047, 916.0)","(1196, 916.0)","[86.55922827752106, 108]","[80.95677859203639, 95]","[80.95677859203639, 95]","[80.95677859203639, 95]"
101,"(324, 954)","(541, 1029)","(432.5, 954)","(432.5, 1029)","(324, 991.5)","(541, 991.5)","[-1, 0]","[94.7800084405989, 96]","[-1, 0]","[-1, 0]"
102,"(580, 954)","(626, 1029)","(603.0, 954)","(603.0, 1029)","(580, 991.5)","(626, 991.5)","[80.45029521387724, 111]","[81.02468759581859, 97]","[80.45029521387724, 111]","[80.45029521387724, 111]"
103,"(648, 954)","(728, 1025)","(688.0, 954)","(688.0, 1025)","(648, 989.5)","(728, 989.5)","[-1, 0]","[-1, 0]","[91.51229425601787, 105]","[-1, 0]"
104,"(757, 954)","(802, 1022)","(779.5, 954)","(779.5, 1022)","(757, 988.0)","(802, 988.0)","[91.51229425601787, 104]","[83.47005451058482, 98]","[83.47005451058482, 98]","[83.47005451058482, 98]"
105,"(831, 964)","(950, 1032)","(890.5, 964)","(890.5, 1032)","(831, 998.0)","(950, 998.0)","[-1, 0]","[89.00140448330015, 99]","[-1, 0]","[-1, 0]"
106,"(981, 957)","(1047, 1029)","(1014.0, 957)","(1014.0, 1029)","(981, 993.0)","(1047, 993.0)","[87.48857068211825, 114]","[88.3911760301898, 100]","[87.48857068211825, 114]","[87.48857068211825, 114]"
107,"(1076, 974)","(1194, 1029)","(1135.0, 974)","(1135.0, 1029)","(1076, 1001.5)","(1194, 1001.5)","[80.35079339994098, 116]","[86.55922827752106, 101]","[80.35079339994098, 116]","[80.35079339994098, 116]"
108,"(309, 1029)","(464, 1118)","(386.5, 1029)","(386.5, 1118)","(309, 1073.5)","(464, 1073.5)","[85.0, 117]","[85.0, 117]","[85.0, 117]","[85.0, 117]"
109,"(486, 1032)","(532, 1104)","(509.0, 1032)","(509.0, 1104)","(486, 1068.0)","(532, 1068.0)","[-1, 0]","[-1, 0]","[-1, 0]","[-1, 0]"
110,"(551, 1032)","(672, 1111)","(611.5, 1032)","(611.5, 1111)","(551, 1071.5)","(672, 1071.5)","[95.29559276272958, 120]","[80.45029521387724, 103]","[80.45029521387724, 103]","[80.45029521387724, 103]"
111,"(694, 1036)","(783, 1107)","(738.5, 1036)","(738.5, 1107)","(694, 1071.5)","(783, 1071.5)","[-1, 0]","[93.02284665607691, 105]","[93.02284665607691, 105]","[93.02284665607691, 105]"
112,"(800, 1039)","(928, 1118)","(864.0, 1039)","(864.0, 1118)","(800, 1078.5)","(928, 1078.5)","[92.91393867445294, 121]","[-1, 0]","[-1, 0]","[-1, 0]"
113,"(940, 1032)","(1027, 1118)","(983.5, 1032)","(983.5, 1118)","(940, 1075.0)","(1027, 1075.0)","[86.81157756889343, 122]","[87.48857068211825, 107]","[86.81157756889343, 122]","[86.81157756889343, 122]"
114,"(1047, 1039)","(1136, 1111)","(1091.5, 1039)","(1091.5, 1111)","(1047, 1075.0)","(1136, 1075.0)","[85.64607404896036, 116]","[85.40784507292055, 108]","[85.40784507292055, 108]","[85.40784507292055, 108]"
115,"(1160, 1039)","(1194, 1101)","(1177.0, 1039)","(1177.0, 1101)","(1160, 1070.0)","(1194, 1070.0)","[85.64607404896036, 115]","[80.35079339994098, 108]","[80.35079339994098, 108]","[80.35079339994098, 108]"
116,"(309, 1114)","(384, 1183)","(346.5, 1114)","(346.5, 1183)","(309, 1148.5)","(384, 1148.5)","[82.23442101699264, 125]","[85.0, 109]","[82.23442101699264, 125]","[82.23442101699264, 125]"
117,"(404, 1107)","(500, 1193)","(452.0, 1107)","(452.0, 1193)","(404, 1150.0)","(500, 1150.0)","[85.90838143045183, 126]","[-1, 0]","[85.90838143045183, 126]","[85.90838143045183, 126]"
118,"(522, 1111)","(587, 1193)","(554.5, 1111)","(554.5, 1193)","(522, 1152.0)","(587, 1152.0)","[81.04319835741924, 127]","[81.04319835741924, 127]","[81.04319835741924, 127]","[81.04319835741924, 127]"
119,"(607, 1111)","(718, 1193)","(662.5, 1111)","(662.5, 1193)","(607, 1152.0)","(718, 1152.0)","[87.07037383634, 128]","[95.29559276272958, 111]","[87.07037383634, 128]","[87.07037383634, 128]"
120,"(737, 1118)","(887, 1193)","(812.0, 1118)","(812.0, 1193)","(737, 1155.5)","(887, 1155.5)","[81.7572626743337, 130]","[92.91393867445294, 113]","[81.7572626743337, 130]","[81.7572626743337, 130]"
121,"(914, 1121)","(996, 1193)","(955.0, 1121)","(955.0, 1193)","(914, 1157.0)","(996, 1157.0)","[85.52485018987171, 131]","[86.81157756889343, 114]","[85.52485018987171, 131]","[85.52485018987171, 131]"
122,"(1025, 1121)","(1080, 1186)","(1052.5, 1121)","(1052.5, 1186)","(1025, 1153.5)","(1080, 1153.5)","[97.56280028781461, 122]","[87.65414993027997, 115]","[87.65414993027997, 115]","[87.65414993027997, 115]"
123,"(1105, 1114)","(1201, 1196)","(1153.0, 1114)","(1153.0, 1196)","(1105, 1155.0)","(1201, 1155.0)","[100.51119340650573, 123]","[88.32326986700618, 116]","[88.32326986700618, 116]","[88.32326986700618, 116]"
124,"(312, 1193)","(430, 1261)","(371.0, 1193)","(371.0, 1261)","(312, 1227.0)","(430, 1227.0)","[111.05516647144337, 126]","[82.23442101699264, 117]","[82.23442101699264, 117]","[82.23442101699264, 117]"
125,"(440, 1196)","(524, 1265)","(482.0, 1196)","(482.0, 1265)","(440, 1230.5)","(524, 1230.5)","[94.50132274206535, 127]","[85.90838143045183, 118]","[85.90838143045183, 118]","[85.90838143045183, 118]"
126,"(532, 1189)","(621, 1271)","(576.5, 1189)","(576.5, 1271)","(532, 1230.0)","(621, 1230.0)","[81.04319835741924, 119]","[81.04319835741924, 119]","[81.04319835741924, 119]","[81.04319835741924, 119]"
127,"(631, 1210)","(701, 1268)","(666.0, 1210)","(666.0, 1268)","(631, 1239.0)","(701, 1239.0)","[69.79434074479104, 129]","[69.79434074479104, 129]","[69.79434074479104, 129]","[87.07037383634, 120]"
128,"(713, 1196)","(757, 1261)","(735.0, 1196)","(735.0, 1261)","(713, 1228.5)","(757, 1228.5)","[69.79434074479104, 128]","[69.79434074479104, 128]","[101.62307808760764, 130]","[69.79434074479104, 128]"
129,"(764, 1196)","(909, 1271)","(836.5, 1196)","(836.5, 1271)","(764, 1233.5)","(909, 1233.5)","[-1, 0]","[81.7572626743337, 121]","[81.7572626743337, 121]","[81.7572626743337, 121]"
130,"(918, 1203)","(955, 1278)","(936.5, 1203)","(936.5, 1278)","(918, 1240.5)","(955, 1240.5)","[-1, 0]","[85.52485018987171, 122]","[85.52485018987171, 122]","[85.52485018987171, 122]"
131,"(1494, 889)","(1622, 964)","(1558.0, 889)","(1558.0, 964)","(1494, 926.5)","(1622, 926.5)","[68.41235268575406, 140]","[-1, 0]","[68.41235268575406, 140]","[68.41235268575406, 140]"
132,"(1641, 889)","(1716, 957)","(1678.5, 889)","(1678.5, 957)","(1641, 923.0)","(1716, 923.0)","[85.16014325962585, 141]","[104.01081674518281, 134]","[85.16014325962585, 141]","[85.16014325962585, 141]"
133,"(1738, 889)","(1827, 954)","(1782.5, 889)","(1782.5, 954)","(1738, 921.5)","(1827, 921.5)","[87.5, 135]","[87.5, 135]","[87.5, 135]","[90.51243008559653, 141]"
134,"(1847, 889)","(1893, 954)","(1870.0, 889)","(1870.0, 954)","(1847, 921.5)","(1893, 921.5)","[87.5, 134]","[87.5, 134]","[97.7164264594239, 136]","[87.5, 134]"
135,"(1914, 902)","(2021, 954)","(1967.5, 902)","(1967.5, 954)","(1914, 928.0)","(2021, 928.0)","[71.50174823037545, 142]","[97.7164264594239, 135]","[71.50174823037545, 142]","[71.50174823037545, 142]"
136,"(2045, 889)","(2209, 954)","(2127.0, 889)","(2127.0, 954)","(2045, 921.5)","(2209, 921.5)","[91.71968163922071, 143]","[-1, 0]","[91.71968163922071, 143]","[91.71968163922071, 143]"
137,"(2231, 889)","(2282, 950)","(2256.5, 889)","(2256.5, 950)","(2231, 919.5)","(2282, 919.5)","[91.54916711800277, 144]","[-1, 0]","[91.54916711800277, 144]","[91.54916711800277, 144]"
138,"(1397, 967)","(1496, 1022)","(1446.5, 967)","(1446.5, 1022)","(1397, 994.5)","(1496, 994.5)","[84.00148808205721, 145]","[104.0, 140]","[84.00148808205721, 145]","[84.00148808205721, 145]"
139,"(1528, 964)","(1573, 1025)","(1550.5, 964)","(1550.5, 1025)","(1528, 994.5)","(1573, 994.5)","[93.30058949438637, 147]","[68.41235268575406, 132]","[68.41235268575406, 132]","[68.41235268575406, 132]"
140,"(1607, 967)","(1847, 1019)","(1727.0, 967)","(1727.0, 1019)","(1607, 993.0)","(1847, 993.0)","[97.37171047075223, 149]","[85.16014325962585, 133]","[85.16014325962585, 133]","[85.16014325962585, 133]"
141,"(1883, 971)","(2011, 1022)","(1947.0, 971)","(1947.0, 1022)","(1883, 996.5)","(2011, 996.5)","[87.82368700982668, 151]","[71.50174823037545, 136]","[71.50174823037545, 136]","[71.50174823037545, 136]"
142,"(2042, 967)","(2105, 1025)","(2073.5, 967)","(2073.5, 1025)","(2042, 996.0)","(2105, 996.0)","[-1, 0]","[91.71968163922071, 137]","[91.71968163922071, 137]","[91.71968163922071, 137]"
143,"(2134, 964)","(2274, 1025)","(2204.0, 964)","(2204.0, 1025)","(2134, 994.5)","(2274, 994.5)","[83.5134719671024, 196]","[91.54916711800277, 138]","[83.5134719671024, 196]","[83.5134719671024, 196]"
144,"(1392, 1046)","(1453, 1104)","(1422.5, 1046)","(1422.5, 1104)","(1392, 1075.0)","(1453, 1075.0)","[61.702917273010684, 146]","[61.702917273010684, 146]","[61.702917273010684, 146]","[84.00148808205721, 139]"
145,"(1457, 1042)","(1511, 1118)","(1484.0, 1042)","(1484.0, 1118)","(1457, 1080.0)","(1511, 1080.0)","[61.702917273010684, 145]","[61.702917273010684, 145]","[-1, 0]","[61.702917273010684, 145]"
146,"(1523, 1049)","(1634, 1118)","(1578.5, 1049)","(1578.5, 1118)","(1523, 1083.5)","(1634, 1083.5)","[81.34648117773749, 154]","[83.02409288875127, 148]","[81.34648117773749, 154]","[81.34648117773749, 154]"
147,"(1641, 1042)","(1682, 1121)","(1661.5, 1042)","(1661.5, 1121)","(1641, 1081.5)","(1682, 1081.5)","[83.02409288875127, 147]","[83.02409288875127, 147]","[92.63503656824453, 154]","[83.02409288875127, 147]"
148,"(1694, 1063)","(1839, 1101)","(1766.5, 1063)","(1766.5, 1101)","(1694, 1082.0)","(1839, 1082.0)","[84.21698166047035, 156]","[97.37171047075223, 141]","[84.21698166047035, 156]","[84.21698166047035, 156]"
149,"(1851, 1046)","(1931, 1118)","(1891.0, 1046)","(1891.0, 1118)","(1851, 1082.0)","(1931, 1082.0)","[68.01654210557899, 151]","[68.01654210557899, 151]","[68.01654210557899, 151]","[-1, 0]"
150,"(1938, 1042)","(1980, 1125)","(1959.0, 1042)","(1959.0, 1125)","(1938, 1083.5)","(1980, 1083.5)","[68.01654210557899, 150]","[68.01654210557899, 150]","[-1, 0]","[68.01654210557899, 150]"
151,"(1395, 1142)","(1465, 1183)","(1430.0, 1142)","(1430.0, 1183)","(1395, 1162.5)","(1465, 1162.5)","[86.28441342444185, 162]","[-1, 0]","[86.28441342444185, 162]","[86.28441342444185, 162]"
152,"(1482, 1138)","(1557, 1193)","(1519.5, 1138)","(1519.5, 1193)","(1482, 1165.5)","(1557, 1165.5)","[82.41510783830839, 162]","[89.55026521457097, 152]","[82.41510783830839, 162]","[82.41510783830839, 162]"
153,"(1569, 1131)","(1651, 1186)","(1610.0, 1131)","(1610.0, 1186)","(1569, 1158.5)","(1651, 1158.5)","[-1, 0]","[81.34648117773749, 147]","[81.34648117773749, 147]","[81.34648117773749, 147]"
154,"(1663, 1135)","(1747, 1203)","(1705.0, 1135)","(1705.0, 1203)","(1663, 1169.0)","(1747, 1169.0)","[66.82252614201292, 163]","[-1, 0]","[66.82252614201292, 163]","[66.82252614201292, 163]"
155,"(1760, 1135)","(1834, 1186)","(1797.0, 1135)","(1797.0, 1186)","(1760, 1160.5)","(1834, 1160.5)","[-1, 0]","[-1, 0]","[-1, 0]","[84.21698166047035, 149]"
156,"(1847, 1128)","(1912, 1183)","(1879.5, 1128)","(1879.5, 1183)","(1847, 1155.5)","(1912, 1155.5)","[73.83258088405145, 158]","[73.83258088405145, 158]","[73.83258088405145, 158]","[-1, 0]"
157,"(1926, 1125)","(1980, 1200)","(1953.0, 1125)","(1953.0, 1200)","(1926, 1162.5)","(1980, 1162.5)","[72.70832139445939, 159]","[72.70832139445939, 159]","[72.70832139445939, 159]","[72.76331493273241, 165]"
158,"(1992, 1125)","(2059, 1189)","(2025.5, 1125)","(2025.5, 1189)","(1992, 1157.0)","(2059, 1157.0)","[64.0956316764255, 160]","[64.0956316764255, 160]","[64.0956316764255, 160]","[72.70832139445939, 158]"
159,"(2069, 1121)","(2110, 1200)","(2089.5, 1121)","(2089.5, 1200)","(2069, 1160.5)","(2110, 1160.5)","[64.0956316764255, 159]","[64.0956316764255, 159]","[82.06399941509066, 166]","[64.0956316764255, 159]"
160,"(2141, 1128)","(2279, 1179)","(2210.0, 1128)","(2210.0, 1179)","(2141, 1153.5)","(2279, 1153.5)","[-1, 0]","[87.58139071743494, 196]","[-1, 0]","[-1, 0]"
161,"(1395, 1203)","(1557, 1268)","(1476.0, 1203)","(1476.0, 1268)","(1395, 1235.5)","(1557, 1235.5)","[86.08426104695329, 169]","[82.41510783830839, 153]","[82.41510783830839, 153]","[82.41510783830839, 153]"
162,"(1571, 1203)","(1808, 1265)","(1689.5, 1203)","(1689.5, 1265)","(1571, 1234.0)","(1808, 1234.0)","[90.35485598461214, 172]","[66.82252614201292, 155]","[66.82252614201292, 155]","[66.82252614201292, 155]"
163,"(1825, 1207)","(1909, 1261)","(1867.0, 1207)","(1867.0, 1261)","(1825, 1234.0)","(1909, 1234.0)","[-1, 0]","[-1, 0]","[-1, 0]","[-1, 0]"
164,"(1922, 1200)","(2011, 1268)","(1966.5, 1200)","(1966.5, 1268)","(1922, 1234.0)","(2011, 1234.0)","[86.5, 166]","[72.76331493273241, 158]","[72.76331493273241, 158]","[72.76331493273241, 158]"
165,"(2023, 1203)","(2083, 1265)","(2053.0, 1203)","(2053.0, 1265)","(2023, 1234.0)","(2083, 1234.0)","[83.6211695684771, 175]","[81.76337811025178, 159]","[81.76337811025178, 159]","[81.76337811025178, 159]"
166,"(2091, 1196)","(2190, 1275)","(2140.5, 1196)","(2140.5, 1275)","(2091, 1235.5)","(2190, 1235.5)","[-1, 0]","[-1, 0]","[-1, 0]","[-1, 0]"
167,"(2199, 1203)","(2236, 1278)","(2217.5, 1203)","(2217.5, 1278)","(2199, 1240.5)","(2236, 1240.5)","[-1, 0]","[-1, 0]","[81.18035476640885, 177]","[-1, 0]"
168,"(1395, 1282)","(1496, 1350)","(1445.5, 1282)","(1445.5, 1350)","(1395, 1316.0)","(1496, 1316.0)","[81.38949563672206, 178]","[86.08426104695329, 162]","[81.38949563672206, 178]","[81.38949563672206, 178]"
169,"(1513, 1292)","(1595, 1354)","(1554.0, 1292)","(1554.0, 1354)","(1513, 1323.0)","(1595, 1323.0)","[87.02011261771614, 179]","[98.0624800828533, 171]","[87.02011261771614, 179]","[87.02011261771614, 179]"
170,"(1610, 1285)","(1694, 1354)","(1652.0, 1285)","(1652.0, 1354)","(1610, 1319.5)","(1694, 1319.5)","[79.69002446981679, 172]","[79.69002446981679, 172]","[79.69002446981679, 172]","[92.80355596635293, 180]"
171,"(1706, 1285)","(1757, 1343)","(1731.5, 1285)","(1731.5, 1343)","(1706, 1314.0)","(1757, 1314.0)","[79.69002446981679, 171]","[79.69002446981679, 171]","[89.19641248391103, 180]","[79.69002446981679, 171]"
172,"(1774, 1299)","(1897, 1350)","(1835.5, 1299)","(1835.5, 1350)","(1774, 1324.5)","(1897, 1324.5)","[80.35234906335968, 181]","[-1, 0]","[80.35234906335968, 181]","[80.35234906335968, 181]"
173,"(1917, 1299)","(1982, 1357)","(1949.5, 1299)","(1949.5, 1357)","(1917, 1328.0)","(1982, 1328.0)","[76.69745758498127, 182]","[95.524865872714, 165]","[76.69745758498127, 182]","[76.69745758498127, 182]"
174,"(1999, 1278)","(2098, 1357)","(2048.5, 1278)","(2048.5, 1357)","(1999, 1317.5)","(2098, 1317.5)","[91.25376704553078, 204]","[83.6211695684771, 166]","[83.6211695684771, 166]","[83.6211695684771, 166]"
175,"(2110, 1282)","(2214, 1347)","(2162.0, 1282)","(2162.0, 1347)","(2110, 1314.5)","(2214, 1314.5)","[93.02150289046077, 177]","[-1, 0]","[-1, 0]","[-1, 0]"
176,"(2231, 1282)","(2279, 1343)","(2255.0, 1282)","(2255.0, 1343)","(2231, 1312.5)","(2279, 1312.5)","[93.02150289046077, 176]","[81.18035476640885, 168]","[81.18035476640885, 168]","[81.18035476640885, 168]"
177,"(1392, 1364)","(1523, 1429)","(1457.5, 1364)","(1457.5, 1429)","(1392, 1396.5)","(1523, 1396.5)","[-1, 0]","[81.38949563672206, 169]","[81.38949563672206, 169]","[81.38949563672206, 169]"
178,"(1530, 1377)","(1639, 1432)","(1584.5, 1377)","(1584.5, 1432)","(1530, 1404.5)","(1639, 1404.5)","[87.13208364316786, 184]","[87.02011261771614, 170]","[87.02011261771614, 170]","[87.02011261771614, 170]"
179,"(1646, 1371)","(1757, 1425)","(1701.5, 1371)","(1701.5, 1425)","(1646, 1398.0)","(1757, 1398.0)","[-1, 0]","[89.19641248391103, 172]","[-1, 0]","[-1, 0]"
180,"(1767, 1364)","(1849, 1436)","(1808.0, 1364)","(1808.0, 1436)","(1767, 1400.0)","(1849, 1400.0)","[79.6523697073728, 186]","[80.35234906335968, 173]","[79.6523697073728, 186]","[79.6523697073728, 186]"
181,"(1856, 1360)","(1960, 1425)","(1908.0, 1360)","(1908.0, 1425)","(1856, 1392.5)","(1960, 1392.5)","[-1, 0]","[76.69745758498127, 174]","[76.69745758498127, 174]","[76.69745758498127, 174]"
182,"(1390, 1456)","(1457, 1511)","(1423.5, 1456)","(1423.5, 1511)","(1390, 1483.5)","(1457, 1483.5)","[74.33875167098248, 190]","[-1, 0]","[74.33875167098248, 190]","[74.33875167098248, 190]"
183,"(1472, 1446)","(1605, 1511)","(1538.5, 1446)","(1538.5, 1511)","(1472, 1478.5)","(1605, 1478.5)","[75.13487871820917, 191]","[87.13208364316786, 179]","[75.13487871820917, 191]","[75.13487871820917, 191]"
184,"(1619, 1442)","(1726, 1507)","(1672.5, 1442)","(1672.5, 1507)","(1619, 1474.5)","(1726, 1474.5)","[-1, 0]","[-1, 0]","[-1, 0]","[-1, 0]"
185,"(1738, 1446)","(1851, 1511)","(1794.5, 1446)","(1794.5, 1511)","(1738, 1478.5)","(1851, 1478.5)","[119.47384651043926, 192]","[79.6523697073728, 181]","[79.6523697073728, 181]","[79.6523697073728, 181]"
186,"(1861, 1442)","(1996, 1518)","(1928.5, 1442)","(1928.5, 1518)","(1861, 1480.0)","(1996, 1480.0)","[78.90659034580065, 193]","[-1, 0]","[78.90659034580065, 193]","[78.90659034580065, 193]"
187,"(2009, 1442)","(2120, 1507)","(2064.5, 1442)","(2064.5, 1507)","(2009, 1474.5)","(2120, 1474.5)","[-1, 0]","[77.96954533662486, 204]","[77.96954533662486, 204]","[77.96954533662486, 204]"
188,"(2129, 1446)","(2274, 1507)","(2201.5, 1446)","(2201.5, 1507)","(2129, 1476.5)","(2274, 1476.5)","[86.70063436907483, 195]","[73.54250471666029, 205]","[73.54250471666029, 205]","[73.54250471666029, 205]"
189,"(1395, 1528)","(1489, 1583)","(1442.0, 1528)","(1442.0, 1583)","(1395, 1555.5)","(1489, 1555.5)","[-1, 0]","[74.33875167098248, 183]","[74.33875167098248, 183]","[74.33875167098248, 183]"
190,"(1511, 1521)","(1557, 1586)","(1534.0, 1521)","(1534.0, 1586)","(1511, 1553.5)","(1557, 1553.5)","[92.02173656261873, 190]","[75.13487871820917, 184]","[75.13487871820917, 184]","[75.13487871820917, 184]"
191,"(1581, 1528)","(1822, 1579)","(1701.5, 1528)","(1701.5, 1579)","(1581, 1553.5)","(1822, 1553.5)","[-1, 0]","[-1, 0]","[-1, 0]","[-1, 0]"
192,"(1847, 1528)","(1994, 1589)","(1920.5, 1528)","(1920.5, 1589)","(1847, 1558.5)","(1994, 1558.5)","[-1, 0]","[78.90659034580065, 187]","[78.90659034580065, 187]","[78.90659034580065, 187]"
193,"(2013, 1531)","(2120, 1586)","(2066.5, 1531)","(2066.5, 1586)","(2013, 1558.5)","(2120, 1558.5)","[-1, 0]","[-1, 0]","[-1, 0]","[-1, 0]"
194,"(2146, 1542)","(2279, 1583)","(2212.5, 1542)","(2212.5, 1583)","(2146, 1562.5)","(2279, 1562.5)","[-1, 0]","[86.70063436907483, 189]","[86.70063436907483, 189]","[86.70063436907483, 189]"
195,"(2074, 1042)","(2277, 1104)","(2175.5, 1042)","(2175.5, 1104)","(2074, 1073.0)","(2277, 1073.0)","[87.58139071743494, 161]","[83.5134719671024, 144]","[83.5134719671024, 144]","[83.5134719671024, 144]"
196,"(416, 1398)","(498, 1449)","(457.0, 1398)","(457.0, 1449)","(416, 1423.5)","(498, 1423.5)","[81.18189453320241, 218]","[-1, 0]","[81.18189453320241, 218]","[81.18189453320241, 218]"
197,"(302, 1552)","(401, 1620)","(351.5, 1552)","(351.5, 1620)","(302, 1586.0)","(401, 1586.0)","[73.08385594644004, 200]","[99.12618221237011, 199]","[73.08385594644004, 200]","[73.08385594644004, 200]"
198,"(430, 1545)","(471, 1617)","(450.5, 1545)","(450.5, 1617)","(430, 1581.0)","(471, 1581.0)","[77.1621668954417, 201]","[78.85429601486528, 218]","[77.1621668954417, 201]","[77.1621668954417, 201]"
199,"(314, 1630)","(382, 1688)","(348.0, 1630)","(348.0, 1688)","(314, 1659.0)","(382, 1659.0)","[85.56430330459075, 226]","[73.08385594644004, 198]","[73.08385594644004, 198]","[73.08385594644004, 198]"
200,"(408, 1624)","(483, 1692)","(445.5, 1624)","(445.5, 1692)","(408, 1658.0)","(483, 1658.0)","[91.01236179772503, 202]","[77.1621668954417, 199]","[77.1621668954417, 199]","[77.1621668954417, 199]"
201,"(503, 1624)","(570, 1695)","(536.5, 1624)","(536.5, 1695)","(503, 1659.5)","(570, 1659.5)","[72.67220926874316, 203]","[72.67220926874316, 203]","[72.67220926874316, 203]","[86.81301745706112, 227]"
202,"(592, 1630)","(626, 1699)","(609.0, 1630)","(609.0, 1699)","(592, 1664.5)","(626, 1664.5)","[72.67220926874316, 202]","[72.67220926874316, 202]","[89.44271909999159, 209]","[72.67220926874316, 202]"
203,"(2050, 1364)","(2125, 1436)","(2087.5, 1364)","(2087.5, 1436)","(2050, 1400.0)","(2125, 1400.0)","[77.96954533662486, 188]","[91.25376704553078, 175]","[77.96954533662486, 188]","[77.96954533662486, 188]"
204,"(2129, 1377)","(2279, 1429)","(2204.0, 1377)","(2204.0, 1429)","(2129, 1403.0)","(2279, 1403.0)","[73.54250471666029, 189]","[97.96045120353418, 176]","[73.54250471666029, 189]","[73.54250471666029, 189]"
205,"(522, 1398)","(655, 1473)","(588.5, 1398)","(588.5, 1473)","(522, 1435.5)","(655, 1435.5)","[61.28825336065631, 219]","[61.28825336065631, 219]","[61.28825336065631, 219]","[61.28825336065631, 219]"
206,"(672, 1395)","(981, 1466)","(826.5, 1395)","(826.5, 1466)","(672, 1430.5)","(981, 1430.5)","[90.57869506677605, 221]","[-1, 0]","[90.57869506677605, 221]","[90.57869506677605, 221]"
207,"(1047, 1415)","(1192, 1456)","(1119.5, 1415)","(1119.5, 1456)","(1047, 1435.5)","(1192, 1435.5)","[70.45565981523414, 223]","[-1, 0]","[70.45565981523414, 223]","[70.45565981523414, 223]"
208,"(587, 1552)","(711, 1617)","(649.0, 1552)","(649.0, 1617)","(587, 1584.5)","(711, 1584.5)","[89.44271909999159, 203]","[-1, 0]","[89.44271909999159, 203]","[89.44271909999159, 203]"
209,"(740, 1548)","(786, 1610)","(763.0, 1548)","(763.0, 1610)","(740, 1579.0)","(786, 1579.0)","[-1, 0]","[87.65414993027997, 220]","[87.65414993027997, 220]","[87.65414993027997, 220]"
210,"(810, 1545)","(945, 1634)","(877.5, 1545)","(877.5, 1634)","(810, 1589.5)","(945, 1589.5)","[82.53787009609589, 221]","[82.53787009609589, 221]","[82.53787009609589, 221]","[82.53787009609589, 221]"
211,"(976, 1555)","(1192, 1606)","(1084.0, 1555)","(1084.0, 1606)","(976, 1580.5)","(1192, 1580.5)","[-1, 0]","[86.70207609971055, 223]","[86.70207609971055, 223]","[86.70207609971055, 223]"
212,"(740, 1634)","(824, 1702)","(782.0, 1634)","(782.0, 1702)","(740, 1668.0)","(824, 1668.0)","[-1, 0]","[-1, 0]","[-1, 0]","[-1, 0]"
213,"(848, 1644)","(940, 1709)","(894.0, 1644)","(894.0, 1709)","(848, 1676.5)","(940, 1676.5)","[88.05963888183962, 232]","[-1, 0]","[88.05963888183962, 232]","[88.05963888183962, 232]"
214,"(962, 1637)","(1030, 1695)","(996.0, 1637)","(996.0, 1695)","(962, 1666.0)","(1030, 1666.0)","[-1, 0]","[-1, 0]","[-1, 0]","[-1, 0]"
215,"(1063, 1644)","(1189, 1695)","(1126.0, 1644)","(1126.0, 1695)","(1063, 1669.5)","(1189, 1669.5)","[79.30952023559341, 233]","[-1, 0]","[79.30952023559341, 233]","[79.30952023559341, 233]"
216,"(309, 1456)","(355, 1518)","(332.0, 1456)","(332.0, 1518)","(309, 1487.0)","(355, 1487.0)","[-1, 0]","[-1, 0]","[-1, 0]","[-1, 0]"
217,"(372, 1463)","(563, 1545)","(467.5, 1463)","(467.5, 1545)","(372, 1504.0)","(563, 1504.0)","[78.85429601486528, 199]","[81.18189453320241, 197]","[78.85429601486528, 199]","[78.85429601486528, 199]"
218,"(578, 1463)","(624, 1528)","(601.0, 1463)","(601.0, 1528)","(578, 1495.5)","(624, 1495.5)","[61.28825336065631, 206]","[61.28825336065631, 206]","[61.28825336065631, 206]","[61.28825336065631, 206]"
219,"(641, 1470)","(807, 1531)","(724.0, 1470)","(724.0, 1531)","(641, 1500.5)","(807, 1500.5)","[87.65414993027997, 210]","[-1, 0]","[87.65414993027997, 210]","[87.65414993027997, 210]"
220,"(822, 1466)","(928, 1548)","(875.0, 1466)","(875.0, 1548)","(822, 1507.0)","(928, 1507.0)","[82.53787009609589, 211]","[82.53787009609589, 211]","[82.53787009609589, 211]","[82.53787009609589, 211]"
221,"(945, 1480)","(1042, 1545)","(993.5, 1480)","(993.5, 1545)","(945, 1512.5)","(1042, 1512.5)","[113.20004416960269, 212]","[-1, 0]","[-1, 0]","[-1, 0]"
222,"(1061, 1473)","(1194, 1538)","(1127.5, 1473)","(1127.5, 1538)","(1061, 1505.5)","(1194, 1505.5)","[86.70207609971055, 212]","[70.45565981523414, 208]","[70.45565981523414, 208]","[70.45565981523414, 208]"
223,"(1390, 1606)","(1443, 1671)","(1416.5, 1606)","(1416.5, 1671)","(1390, 1638.5)","(1443, 1638.5)","[77.01460900374681, 225]","[77.01460900374681, 225]","[77.01460900374681, 225]","[-1, 0]"
224,"(1450, 1596)","(1537, 1678)","(1493.5, 1596)","(1493.5, 1678)","(1450, 1637.0)","(1537, 1637.0)","[77.01460900374681, 224]","[77.01460900374681, 224]","[-1, 0]","[77.01460900374681, 224]"
225,"(307, 1695)","(447, 1784)","(377.0, 1695)","(377.0, 1784)","(307, 1739.5)","(447, 1739.5)","[83.42961105027399, 235]","[83.42961105027399, 235]","[83.42961105027399, 235]","[83.42961105027399, 235]"
226,"(459, 1706)","(549, 1774)","(504.0, 1706)","(504.0, 1774)","(459, 1740.0)","(549, 1740.0)","[-1, 0]","[86.81301745706112, 202]","[86.81301745706112, 202]","[86.81301745706112, 202]"
227,"(568, 1719)","(636, 1791)","(602.0, 1719)","(602.0, 1791)","(568, 1755.0)","(636, 1755.0)","[-1, 0]","[-1, 0]","[-1, 0]","[-1, 0]"
228,"(653, 1709)","(694, 1784)","(673.5, 1709)","(673.5, 1784)","(653, 1746.5)","(694, 1746.5)","[-1, 0]","[-1, 0]","[73.5, 230]","[-1, 0]"
229,"(708, 1719)","(786, 1774)","(747.0, 1719)","(747.0, 1774)","(708, 1746.5)","(786, 1746.5)","[73.5, 229]","[73.5, 229]","[-1, 0]","[73.5, 229]"
230,"(800, 1706)","(863, 1784)","(831.5, 1706)","(831.5, 1784)","(800, 1745.0)","(863, 1745.0)","[73.51530452905708, 238]","[-1, 0]","[73.51530452905708, 238]","[73.51530452905708, 238]"
231,"(877, 1712)","(1008, 1788)","(942.5, 1712)","(942.5, 1788)","(877, 1750.0)","(1008, 1750.0)","[69.8176195526602, 239]","[88.05963888183962, 214]","[69.8176195526602, 239]","[69.8176195526602, 239]"
232,"(1022, 1716)","(1192, 1777)","(1107.0, 1716)","(1107.0, 1777)","(1022, 1746.5)","(1192, 1746.5)","[83.773504164503, 241]","[79.30952023559341, 216]","[79.30952023559341, 216]","[79.30952023559341, 216]"
233,"(309, 1777)","(360, 1846)","(334.5, 1777)","(334.5, 1846)","(309, 1811.5)","(360, 1811.5)","[78.07848615335725, 235]","[78.07848615335725, 235]","[78.07848615335725, 235]","[83.60771495502075, 226]"
234,"(363, 1774)","(462, 1856)","(412.5, 1774)","(412.5, 1856)","(363, 1815.0)","(462, 1815.0)","[78.07848615335725, 234]","[78.07848615335725, 234]","[83.42961105027399, 226]","[78.07848615335725, 234]"
235,"(471, 1784)","(604, 1863)","(537.5, 1784)","(537.5, 1863)","(471, 1823.5)","(604, 1823.5)","[-1, 0]","[-1, 0]","[-1, 0]","[-1, 0]"
236,"(616, 1788)","(730, 1856)","(673.0, 1788)","(673.0, 1856)","(616, 1822.0)","(730, 1822.0)","[-1, 0]","[75.50165561098643, 229]","[75.50165561098643, 229]","[75.50165561098643, 229]"
237,"(742, 1788)","(918, 1849)","(830.0, 1788)","(830.0, 1849)","(742, 1818.5)","(918, 1818.5)","[126.0, 239]","[73.51530452905708, 231]","[73.51530452905708, 231]","[73.51530452905708, 231]"
238,"(933, 1788)","(979, 1849)","(956.0, 1788)","(956.0, 1849)","(933, 1818.5)","(979, 1818.5)","[69.30548318856164, 240]","[69.30548318856164, 240]","[69.30548318856164, 240]","[69.8176195526602, 232]"
239,"(989, 1791)","(1061, 1859)","(1025.0, 1791)","(1025.0, 1859)","(989, 1825.0)","(1061, 1825.0)","[69.30548318856164, 239]","[69.30548318856164, 239]","[-1, 0]","[69.30548318856164, 239]"
240,"(1076, 1798)","(1204, 1849)","(1140.0, 1798)","(1140.0, 1849)","(1076, 1823.5)","(1204, 1823.5)","[80.35234906335968, 282]","[83.773504164503, 233]","[80.35234906335968, 282]","[80.35234906335968, 282]"
241,"(1496, 1798)","(1586, 1866)","(1541.0, 1798)","(1541.0, 1866)","(1496, 1832.0)","(1586, 1832.0)","[-1, 0]","[-1, 0]","[-1, 0]","[-1, 0]"
242,"(1590, 1812)","(1714, 1876)","(1652.0, 1812)","(1652.0, 1876)","(1590, 1844.0)","(1714, 1844.0)","[70.8590149522275, 290]","[70.8590149522275, 290]","[70.8590149522275, 290]","[70.8590149522275, 290]"
243,"(1723, 1801)","(1760, 1876)","(1741.5, 1801)","(1741.5, 1876)","(1723, 1838.5)","(1760, 1838.5)","[56.14712815451918, 245]","[56.14712815451918, 245]","[56.14712815451918, 245]","[74.37909652583849, 291]"
244,"(1767, 1801)","(1827, 1859)","(1797.0, 1801)","(1797.0, 1859)","(1767, 1830.0)","(1827, 1830.0)","[56.14712815451918, 244]","[56.14712815451918, 244]","[-1, 0]","[56.14712815451918, 244]"
245,"(1837, 1805)","(1941, 1859)","(1889.0, 1805)","(1889.0, 1859)","(1837, 1832.0)","(1941, 1832.0)","[-1, 0]","[-1, 0]","[99.20307454912877, 292]","[-1, 0]"
246,"(1955, 1801)","(2069, 1856)","(2012.0, 1801)","(2012.0, 1856)","(1955, 1828.5)","(2069, 1828.5)","[86.20469824783333, 293]","[123.0497866718996, 246]","[86.20469824783333, 293]","[86.20469824783333, 293]"
247,"(2079, 1798)","(2282, 1859)","(2180.5, 1798)","(2180.5, 1859)","(2079, 1828.5)","(2282, 1828.5)","[-1, 0]","[-1, 0]","[-1, 0]","[-1, 0]"
248,"(1392, 1962)","(1474, 2023)","(1433.0, 1962)","(1433.0, 2023)","(1392, 1992.5)","(1474, 1992.5)","[-1, 0]","[77.07950440940834, 288]","[77.07950440940834, 288]","[77.07950440940834, 288]"
249,"(1496, 1958)","(1554, 2020)","(1525.0, 1958)","(1525.0, 2020)","(1496, 1989.0)","(1554, 1989.0)","[-1, 0]","[-1, 0]","[-1, 0]","[-1, 0]"
250,"(1576, 1955)","(1697, 2034)","(1636.5, 1955)","(1636.5, 2034)","(1576, 1994.5)","(1697, 1994.5)","[80.36168241145776, 258]","[80.62567829172043, 290]","[80.36168241145776, 258]","[80.36168241145776, 258]"
251,"(1723, 1962)","(1873, 2023)","(1798.0, 1962)","(1798.0, 2023)","(1723, 1992.5)","(1873, 1992.5)","[88.08092869628476, 259]","[93.81364506296512, 291]","[88.08092869628476, 259]","[88.08092869628476, 259]"
252,"(1931, 1955)","(1989, 2034)","(1960.0, 1955)","(1960.0, 2034)","(1931, 1994.5)","(1989, 1994.5)","[100.5, 254]","[78.13129974600449, 292]","[78.13129974600449, 292]","[78.13129974600449, 292]"
253,"(2011, 1955)","(2110, 2034)","(2060.5, 1955)","(2060.5, 2034)","(2011, 1994.5)","(2110, 1994.5)","[79.07591289387686, 261]","[88.80596826790416, 293]","[79.07591289387686, 261]","[79.07591289387686, 261]"
254,"(2134, 1972)","(2173, 2023)","(2153.5, 1972)","(2153.5, 2023)","(2134, 1997.5)","(2173, 1997.5)","[72.04338970370564, 262]","[86.33075929238663, 295]","[72.04338970370564, 262]","[72.04338970370564, 262]"
255,"(2199, 1958)","(2286, 2023)","(2242.5, 1958)","(2242.5, 2023)","(2199, 1990.5)","(2286, 1990.5)","[-1, 0]","[-1, 0]","[-1, 0]","[-1, 0]"
256,"(1390, 2044)","(1576, 2095)","(1483.0, 2044)","(1483.0, 2095)","(1390, 2069.5)","(1576, 2069.5)","[-1, 0]","[-1, 0]","[-1, 0]","[-1, 0]"
257,"(1610, 2044)","(1709, 2099)","(1659.5, 2044)","(1659.5, 2099)","(1610, 2071.5)","(1709, 2071.5)","[89.60189730134067, 266]","[80.36168241145776, 251]","[80.36168241145776, 251]","[80.36168241145776, 251]"
258,"(1738, 2041)","(1805, 2112)","(1771.5, 2041)","(1771.5, 2112)","(1738, 2076.5)","(1805, 2076.5)","[81.3910314469598, 267]","[88.08092869628476, 252]","[81.3910314469598, 267]","[81.3910314469598, 267]"
259,"(1830, 2037)","(1922, 2102)","(1876.0, 2037)","(1876.0, 2102)","(1830, 2069.5)","(1922, 2069.5)","[104.73418735064497, 259]","[104.73418735064497, 259]","[-1, 0]","[104.73418735064497, 259]"
260,"(1977, 2034)","(2108, 2109)","(2042.5, 2034)","(2042.5, 2109)","(1977, 2071.5)","(2108, 2071.5)","[-1, 0]","[79.07591289387686, 254]","[79.07591289387686, 254]","[79.07591289387686, 254]"
261,"(2129, 2037)","(2173, 2102)","(2151.0, 2037)","(2151.0, 2102)","(2129, 2069.5)","(2173, 2069.5)","[82.79643712141241, 263]","[72.04338970370564, 255]","[72.04338970370564, 255]","[72.04338970370564, 255]"
262,"(2195, 2041)","(2272, 2112)","(2233.5, 2041)","(2233.5, 2112)","(2195, 2076.5)","(2272, 2076.5)","[80.72329279706075, 270]","[82.79643712141241, 262]","[80.72329279706075, 270]","[80.72329279706075, 270]"
263,"(1385, 2133)","(1535, 2194)","(1460.0, 2133)","(1460.0, 2194)","(1385, 2163.5)","(1535, 2163.5)","[82.0, 335]","[-1, 0]","[82.0, 335]","[82.0, 335]"
264,"(1557, 2136)","(1631, 2188)","(1594.0, 2136)","(1594.0, 2188)","(1557, 2162.0)","(1631, 2162.0)","[74.3185710303959, 336]","[98.2496819333274, 266]","[74.3185710303959, 336]","[74.3185710303959, 336]"
265,"(1651, 2119)","(1733, 2191)","(1692.0, 2119)","(1692.0, 2191)","(1651, 2155.0)","(1733, 2155.0)","[98.2496819333274, 265]","[89.60189730134067, 258]","[89.60189730134067, 258]","[89.60189730134067, 258]"
266,"(1752, 2119)","(1834, 2191)","(1793.0, 2119)","(1793.0, 2191)","(1752, 2155.0)","(1834, 2155.0)","[84.13382197428095, 341]","[81.3910314469598, 259]","[81.3910314469598, 259]","[81.3910314469598, 259]"
267,"(1851, 2123)","(2074, 2184)","(1962.5, 2123)","(1962.5, 2184)","(1851, 2153.5)","(2074, 2153.5)","[95.77055915050303, 342]","[114.56002793295748, 261]","[95.77055915050303, 342]","[95.77055915050303, 342]"
268,"(2091, 2119)","(2183, 2184)","(2137.0, 2119)","(2137.0, 2184)","(2091, 2151.5)","(2183, 2151.5)","[-1, 0]","[-1, 0]","[-1, 0]","[-1, 0]"
269,"(2197, 2123)","(2282, 2191)","(2239.5, 2123)","(2239.5, 2191)","(2197, 2157.0)","(2282, 2157.0)","[83.194050268033, 344]","[80.72329279706075, 263]","[80.72329279706075, 263]","[80.72329279706075, 263]"
270,"(314, 1866)","(382, 1931)","(348.0, 1866)","(348.0, 1931)","(314, 1898.5)","(382, 1898.5)","[82.62263612352247, 277]","[88.04118354497513, 234]","[82.62263612352247, 277]","[82.62263612352247, 277]"
271,"(399, 1859)","(498, 1941)","(448.5, 1859)","(448.5, 1941)","(399, 1900.0)","(498, 1900.0)","[-1, 0]","[92.30926280715278, 235]","[-1, 0]","[-1, 0]"
272,"(524, 1873)","(573, 1941)","(548.5, 1873)","(548.5, 1941)","(524, 1907.0)","(573, 1907.0)","[23.04886114323222, 274]","[23.04886114323222, 274]","[23.04886114323222, 274]","[23.04886114323222, 274]"
273,"(561, 1880)","(582, 1931)","(571.5, 1880)","(571.5, 1931)","(561, 1905.5)","(582, 1905.5)","[23.04886114323222, 273]","[23.04886114323222, 273]","[23.04886114323222, 273]","[23.04886114323222, 273]"
274,"(611, 1870)","(665, 1938)","(638.0, 1870)","(638.0, 1938)","(611, 1904.0)","(665, 1904.0)","[66.51691514193965, 274]","[66.51691514193965, 274]","[-1, 0]","[66.51691514193965, 274]"
275,"(686, 1866)","(728, 1941)","(707.0, 1866)","(707.0, 1941)","(686, 1903.5)","(728, 1903.5)","[-1, 0]","[-1, 0]","[88.23831367382311, 283]","[-1, 0]"
276,"(309, 1945)","(396, 2017)","(352.5, 1945)","(352.5, 2017)","(309, 1981.0)","(396, 1981.0)","[90.51243008559653, 297]","[82.62263612352247, 271]","[82.62263612352247, 271]","[82.62263612352247, 271]"
277,"(408, 1945)","(544, 2020)","(476.0, 1945)","(476.0, 2020)","(408, 1982.5)","(544, 1982.5)","[-1, 0]","[-1, 0]","[-1, 0]","[-1, 0]"
278,"(558, 1952)","(595, 2027)","(576.5, 1952)","(576.5, 2027)","(558, 1989.5)","(595, 1989.5)","[74.38077708655645, 299]","[-1, 0]","[74.38077708655645, 299]","[74.38077708655645, 299]"
279,"(834, 1883)","(1027, 1945)","(930.5, 1883)","(930.5, 1945)","(834, 1914.0)","(1027, 1914.0)","[73.83258088405145, 285]","[-1, 0]","[73.83258088405145, 285]","[73.83258088405145, 285]"
280,"(1051, 1880)","(1117, 1935)","(1084.0, 1880)","(1084.0, 1935)","(1051, 1907.5)","(1117, 1907.5)","[80.05623023850174, 286]","[83.93151970505478, 282]","[80.05623023850174, 286]","[80.05623023850174, 286]"
281,"(1136, 1870)","(1199, 1928)","(1167.5, 1870)","(1167.5, 1928)","(1136, 1899.0)","(1199, 1899.0)","[82.0, 287]","[80.35234906335968, 241]","[80.35234906335968, 241]","[80.35234906335968, 241]"
282,"(696, 1952)","(788, 2017)","(742.0, 1952)","(742.0, 2017)","(696, 1984.5)","(788, 1984.5)","[-1, 0]","[-1, 0]","[-1, 0]","[88.23831367382311, 276]"
283,"(802, 1952)","(858, 2013)","(830.0, 1952)","(830.0, 2013)","(802, 1982.5)","(858, 1982.5)","[-1, 0]","[-1, 0]","[89.89438247187641, 301]","[-1, 0]"
284,"(873, 1962)","(974, 2013)","(923.5, 1962)","(923.5, 2013)","(873, 1987.5)","(974, 1987.5)","[85.15867542417507, 302]","[73.83258088405145, 280]","[73.83258088405145, 280]","[73.83258088405145, 280]"
285,"(991, 1952)","(1121, 2013)","(1056.0, 1952)","(1056.0, 2013)","(991, 1982.5)","(1121, 1982.5)","[83.95236744726142, 303]","[80.05623023850174, 281]","[80.05623023850174, 281]","[80.05623023850174, 281]"
286,"(1136, 1952)","(1199, 2010)","(1167.5, 1952)","(1167.5, 2010)","(1136, 1981.0)","(1199, 1981.0)","[99.92497185388645, 304]","[82.0, 282]","[82.0, 282]","[82.0, 282]"
287,"(1392, 1890)","(1467, 1941)","(1429.5, 1890)","(1429.5, 1941)","(1392, 1915.5)","(1467, 1915.5)","[77.07950440940834, 249]","[104.73418735064497, 289]","[77.07950440940834, 249]","[77.07950440940834, 249]"
288,"(1482, 1883)","(1586, 1962)","(1534.0, 1883)","(1534.0, 1962)","(1482, 1922.5)","(1586, 1922.5)","[-1, 0]","[-1, 0]","[-1, 0]","[-1, 0]"
289,"(1593, 1873)","(1689, 1955)","(1641.0, 1873)","(1641.0, 1955)","(1593, 1914.0)","(1689, 1914.0)","[70.8590149522275, 243]","[70.8590149522275, 243]","[70.8590149522275, 243]","[70.8590149522275, 243]"
290,"(1702, 1880)","(1796, 1945)","(1749.0, 1880)","(1749.0, 1945)","(1702, 1912.5)","(1796, 1912.5)","[93.81364506296512, 252]","[74.37909652583849, 244]","[74.37909652583849, 244]","[74.37909652583849, 244]"
291,"(1897, 1894)","(1960, 1952)","(1928.5, 1894)","(1928.5, 1952)","(1897, 1923.0)","(1960, 1923.0)","[78.13129974600449, 253]","[94.92760399378044, 293]","[78.13129974600449, 253]","[78.13129974600449, 253]"
292,"(1975, 1880)","(2071, 1948)","(2023.0, 1880)","(2023.0, 1948)","(1975, 1914.0)","(2071, 1914.0)","[83.07376240426336, 294]","[83.07376240426336, 294]","[83.07376240426336, 294]","[86.20469824783333, 247]"
293,"(2083, 1880)","(2129, 1941)","(2106.0, 1880)","(2106.0, 1941)","(2083, 1910.5)","(2129, 1910.5)","[-1, 0]","[-1, 0]","[-1, 0]","[83.07376240426336, 293]"
294,"(2137, 1873)","(2224, 1958)","(2180.5, 1873)","(2180.5, 1958)","(2137, 1915.5)","(2224, 1915.5)","[73.83258088405145, 296]","[73.83258088405145, 296]","[73.83258088405145, 296]","[-1, 0]"
295,"(2231, 1876)","(2277, 1941)","(2254.0, 1876)","(2254.0, 1941)","(2231, 1908.5)","(2277, 1908.5)","[73.83258088405145, 295]","[73.83258088405145, 295]","[-1, 0]","[73.83258088405145, 295]"
296,"(309, 2044)","(399, 2099)","(354.0, 2044)","(354.0, 2099)","(309, 2071.5)","(399, 2071.5)","[76.40844194197392, 305]","[90.51243008559653, 277]","[76.40844194197392, 305]","[76.40844194197392, 305]"
297,"(416, 2027)","(503, 2095)","(459.5, 2027)","(459.5, 2095)","(416, 2061.0)","(503, 2061.0)","[-1, 0]","[-1, 0]","[-1, 0]","[-1, 0]"
298,"(520, 2027)","(592, 2095)","(556.0, 2027)","(556.0, 2095)","(520, 2061.0)","(592, 2061.0)","[-1, 0]","[74.38077708655645, 279]","[74.38077708655645, 279]","[74.38077708655645, 279]"
299,"(611, 2044)","(831, 2105)","(721.0, 2044)","(721.0, 2105)","(611, 2074.5)","(831, 2074.5)","[76.15773105863909, 307]","[-1, 0]","[76.15773105863909, 307]","[76.15773105863909, 307]"
300,"(848, 2030)","(894, 2095)","(871.0, 2030)","(871.0, 2095)","(848, 2062.5)","(894, 2062.5)","[67.10625902253828, 302]","[67.10625902253828, 302]","[67.10625902253828, 302]","[86.64871608973787, 309]"
301,"(911, 2034)","(964, 2109)","(937.5, 2034)","(937.5, 2109)","(911, 2071.5)","(964, 2071.5)","[67.10625902253828, 301]","[67.10625902253828, 301]","[82.53029746705145, 309]","[67.10625902253828, 301]"
302,"(986, 2037)","(1090, 2092)","(1038.0, 2037)","(1038.0, 2092)","(986, 2064.5)","(1090, 2064.5)","[86.57078028988765, 310]","[83.95236744726142, 286]","[83.95236744726142, 286]","[83.95236744726142, 286]"
303,"(1109, 2030)","(1148, 2116)","(1128.5, 2030)","(1128.5, 2116)","(1109, 2073.0)","(1148, 2073.0)","[73.58328614570023, 311]","[73.58328614570023, 311]","[73.58328614570023, 311]","[73.58328614570023, 311]"
304,"(309, 2105)","(476, 2170)","(392.5, 2105)","(392.5, 2170)","(309, 2137.5)","(476, 2137.5)","[-1, 0]","[76.40844194197392, 297]","[76.40844194197392, 297]","[76.40844194197392, 297]"
305,"(498, 2109)","(592, 2177)","(545.0, 2109)","(545.0, 2177)","(498, 2143.0)","(592, 2143.0)","[84.00148808205721, 314]","[-1, 0]","[-1, 0]","[-1, 0]"
306,"(616, 2119)","(766, 2170)","(691.0, 2119)","(691.0, 2170)","(616, 2144.5)","(766, 2144.5)","[93.23089616645332, 315]","[76.15773105863909, 300]","[76.15773105863909, 300]","[76.15773105863909, 300]"
307,"(788, 2112)","(834, 2177)","(811.0, 2112)","(811.0, 2177)","(788, 2144.5)","(834, 2144.5)","[88.0, 309]","[88.0, 309]","[88.0, 309]","[-1, 0]"
308,"(853, 2112)","(945, 2177)","(899.0, 2112)","(899.0, 2177)","(853, 2144.5)","(945, 2144.5)","[80.94751385929032, 317]","[82.53029746705145, 302]","[80.94751385929032, 317]","[80.94751385929032, 317]"
309,"(964, 2109)","(1039, 2177)","(1001.5, 2109)","(1001.5, 2177)","(964, 2143.0)","(1039, 2143.0)","[-1, 0]","[86.57078028988765, 303]","[86.57078028988765, 303]","[86.57078028988765, 303]"
310,"(1056, 2109)","(1194, 2184)","(1125.0, 2109)","(1125.0, 2184)","(1056, 2146.5)","(1194, 2146.5)","[73.58328614570023, 304]","[73.58328614570023, 304]","[73.58328614570023, 304]","[73.58328614570023, 304]"
311,"(312, 2198)","(377, 2256)","(344.5, 2198)","(344.5, 2256)","(312, 2227.0)","(377, 2227.0)","[80.89499366462674, 349]","[-1, 0]","[80.89499366462674, 349]","[80.89499366462674, 349]"
312,"(401, 2191)","(505, 2259)","(453.0, 2191)","(453.0, 2259)","(401, 2225.0)","(505, 2225.0)","[84.00148808205721, 350]","[-1, 0]","[84.00148808205721, 350]","[84.00148808205721, 350]"
313,"(524, 2191)","(614, 2256)","(569.0, 2191)","(569.0, 2256)","(524, 2223.5)","(614, 2223.5)","[86.28441342444185, 315]","[84.00148808205721, 306]","[84.00148808205721, 306]","[84.00148808205721, 306]"
314,"(638, 2205)","(672, 2256)","(655.0, 2205)","(655.0, 2256)","(638, 2230.5)","(672, 2230.5)","[80.35079339994098, 352]","[86.28441342444185, 314]","[80.35079339994098, 352]","[80.35079339994098, 352]"
315,"(696, 2205)","(798, 2256)","(747.0, 2205)","(747.0, 2256)","(696, 2230.5)","(798, 2230.5)","[86.73090567957884, 353]","[-1, 0]","[86.73090567957884, 353]","[86.73090567957884, 353]"
316,"(819, 2194)","(996, 2256)","(907.5, 2194)","(907.5, 2256)","(819, 2225.0)","(996, 2225.0)","[-1, 0]","[80.94751385929032, 309]","[80.94751385929032, 309]","[80.94751385929032, 309]"
317,"(1018, 2194)","(1073, 2256)","(1045.5, 2194)","(1045.5, 2256)","(1018, 2225.0)","(1073, 2225.0)","[-1, 0]","[-1, 0]","[-1, 0]","[-1, 0]"
318,"(1100, 2208)","(1192, 2273)","(1146.0, 2208)","(1146.0, 2273)","(1100, 2240.5)","(1192, 2240.5)","[75.20804478245661, 357]","[96.317184344228, 311]","[75.20804478245661, 357]","[75.20804478245661, 357]"
319,"(305, 2345)","(372, 2423)","(338.5, 2345)","(338.5, 2423)","(305, 2384.0)","(372, 2384.0)","[77.23341245859851, 349]","[77.23341245859851, 349]","[77.23341245859851, 349]","[77.23341245859851, 349]"
320,"(382, 2352)","(469, 2423)","(425.5, 2352)","(425.5, 2423)","(382, 2387.5)","(469, 2387.5)","[87.07037383634, 320]","[82.07466113241041, 350]","[82.07466113241041, 350]","[82.07466113241041, 350]"
321,"(479, 2348)","(561, 2420)","(520.0, 2348)","(520.0, 2420)","(479, 2384.0)","(561, 2384.0)","[85.786071130458, 330]","[73.78685519792803, 351]","[73.78685519792803, 351]","[73.78685519792803, 351]"
322,"(568, 2365)","(723, 2427)","(645.5, 2365)","(645.5, 2427)","(568, 2396.0)","(723, 2396.0)","[77.36439749652291, 331]","[87.17367721967452, 352]","[77.36439749652291, 331]","[77.36439749652291, 331]"
323,"(732, 2355)","(800, 2430)","(766.0, 2355)","(766.0, 2430)","(732, 2392.5)","(800, 2392.5)","[78.08969202141856, 332]","[83.27214420200791, 353]","[78.08969202141856, 332]","[78.08969202141856, 332]"
324,"(807, 2355)","(904, 2420)","(855.5, 2355)","(855.5, 2420)","(807, 2387.5)","(904, 2387.5)","[81.5751187556598, 326]","[81.5751187556598, 326]","[81.5751187556598, 326]","[86.44362324659929, 354]"
325,"(914, 2355)","(960, 2427)","(937.0, 2355)","(937.0, 2427)","(914, 2391.0)","(960, 2391.0)","[81.5751187556598, 325]","[81.5751187556598, 325]","[82.23442101699264, 355]","[81.5751187556598, 325]"
326,"(976, 2369)","(1107, 2430)","(1041.5, 2369)","(1041.5, 2430)","(976, 2399.5)","(1107, 2399.5)","[-1, 0]","[-1, 0]","[-1, 0]","[-1, 0]"
327,"(1119, 2352)","(1194, 2420)","(1156.5, 2352)","(1156.5, 2420)","(1119, 2386.0)","(1194, 2386.0)","[-1, 0]","[77.3902448632901, 357]","[77.3902448632901, 357]","[77.3902448632901, 357]"
328,"(309, 2430)","(447, 2492)","(378.0, 2430)","(378.0, 2492)","(309, 2461.0)","(447, 2461.0)","[-1, 0]","[86.54045296853951, 320]","[86.54045296853951, 320]","[86.54045296853951, 320]"
329,"(462, 2437)","(592, 2502)","(527.0, 2437)","(527.0, 2502)","(462, 2469.5)","(592, 2469.5)","[-1, 0]","[85.786071130458, 322]","[85.786071130458, 322]","[85.786071130458, 322]"
330,"(607, 2430)","(699, 2516)","(653.0, 2430)","(653.0, 2516)","(607, 2473.0)","(699, 2473.0)","[-1, 0]","[77.36439749652291, 323]","[77.36439749652291, 323]","[77.36439749652291, 323]"
331,"(706, 2437)","(800, 2502)","(753.0, 2437)","(753.0, 2502)","(706, 2469.5)","(800, 2469.5)","[-1, 0]","[78.08969202141856, 324]","[78.08969202141856, 324]","[78.08969202141856, 324]"
332,"(812, 2447)","(1003, 2509)","(907.5, 2447)","(907.5, 2509)","(812, 2478.0)","(1003, 2478.0)","[-1, 0]","[91.86539065393453, 326]","[91.86539065393453, 326]","[91.86539065393453, 326]"
333,"(1015, 2440)","(1049, 2505)","(1032.0, 2440)","(1032.0, 2505)","(1015, 2472.5)","(1049, 2472.5)","[-1, 0]","[-1, 0]","[-1, 0]","[-1, 0]"
334,"(1390, 2215)","(1530, 2276)","(1460.0, 2215)","(1460.0, 2276)","(1390, 2245.5)","(1530, 2245.5)","[72.2357252334328, 337]","[82.0, 264]","[72.2357252334328, 337]","[72.2357252334328, 337]"
335,"(1549, 2198)","(1617, 2273)","(1583.0, 2198)","(1583.0, 2273)","(1549, 2235.5)","(1617, 2235.5)","[75.18643494673756, 339]","[74.3185710303959, 265]","[74.3185710303959, 265]","[74.3185710303959, 265]"
336,"(1387, 2280)","(1479, 2345)","(1433.0, 2280)","(1433.0, 2345)","(1387, 2312.5)","(1479, 2312.5)","[78.0544681616626, 358]","[72.2357252334328, 335]","[72.2357252334328, 335]","[72.2357252334328, 335]"
337,"(1496, 2276)","(1540, 2345)","(1518.0, 2276)","(1518.0, 2345)","(1496, 2310.5)","(1540, 2310.5)","[83.02409288875127, 339]","[83.02409288875127, 339]","[83.02409288875127, 339]","[85.0235261559999, 337]"
338,"(1554, 2276)","(1648, 2341)","(1601.0, 2276)","(1601.0, 2341)","(1554, 2308.5)","(1648, 2308.5)","[83.02409288875127, 338]","[75.18643494673756, 336]","[75.18643494673756, 336]","[75.18643494673756, 336]"
339,"(1665, 2276)","(1743, 2345)","(1704.0, 2276)","(1704.0, 2345)","(1665, 2310.5)","(1743, 2310.5)","[79.02531240052139, 360]","[102.8846441409018, 341]","[79.02531240052139, 360]","[79.02531240052139, 360]"
340,"(1714, 2205)","(1839, 2270)","(1776.5, 2205)","(1776.5, 2270)","(1714, 2237.5)","(1839, 2237.5)","[102.8846441409018, 340]","[84.13382197428095, 267]","[84.13382197428095, 267]","[84.13382197428095, 267]"
341,"(1861, 2205)","(1972, 2270)","(1916.5, 2205)","(1916.5, 2270)","(1861, 2237.5)","(1972, 2237.5)","[76.10026281163555, 345]","[95.77055915050303, 268]","[76.10026281163555, 345]","[76.10026281163555, 345]"
342,"(1992, 2198)","(2146, 2273)","(2069.0, 2198)","(2069.0, 2273)","(1992, 2235.5)","(2146, 2235.5)","[74.38077708655645, 347]","[108.07404868885037, 269]","[74.38077708655645, 347]","[74.38077708655645, 347]"
343,"(2158, 2205)","(2279, 2270)","(2218.5, 2205)","(2218.5, 2270)","(2158, 2237.5)","(2279, 2237.5)","[72.12835780745324, 348]","[83.194050268033, 270]","[72.12835780745324, 348]","[72.12835780745324, 348]"
344,"(1837, 2273)","(1934, 2341)","(1885.5, 2273)","(1885.5, 2341)","(1837, 2307.0)","(1934, 2307.0)","[91.46857383823145, 361]","[76.10026281163555, 342]","[76.10026281163555, 342]","[76.10026281163555, 342]"
345,"(1953, 2273)","(2042, 2338)","(1997.5, 2273)","(1997.5, 2338)","(1953, 2305.5)","(2042, 2305.5)","[81.58431221748455, 362]","[98.00127550190355, 347]","[81.58431221748455, 362]","[81.58431221748455, 362]"
346,"(2064, 2276)","(2127, 2334)","(2095.5, 2276)","(2095.5, 2334)","(2064, 2305.0)","(2127, 2305.0)","[-1, 0]","[74.38077708655645, 343]","[74.38077708655645, 343]","[74.38077708655645, 343]"
347,"(2144, 2270)","(2274, 2348)","(2209.0, 2270)","(2209.0, 2348)","(2144, 2309.0)","(2274, 2309.0)","[83.34416596259153, 365]","[72.12835780745324, 344]","[72.12835780745324, 344]","[72.12835780745324, 344]"
348,"(305, 2266)","(360, 2348)","(332.5, 2266)","(332.5, 2348)","(305, 2307.0)","(360, 2307.0)","[77.23341245859851, 320]","[77.23341245859851, 320]","[77.23341245859851, 320]","[77.23341245859851, 320]"
349,"(372, 2266)","(486, 2345)","(429.0, 2266)","(429.0, 2345)","(372, 2305.5)","(486, 2305.5)","[82.07466113241041, 321]","[84.00148808205721, 313]","[82.07466113241041, 321]","[82.07466113241041, 321]"
350,"(495, 2273)","(532, 2348)","(513.5, 2273)","(513.5, 2348)","(495, 2310.5)","(532, 2310.5)","[73.78685519792803, 322]","[84.64779973513782, 350]","[73.78685519792803, 322]","[73.78685519792803, 322]"
351,"(626, 2273)","(699, 2348)","(662.5, 2273)","(662.5, 2348)","(626, 2310.5)","(699, 2310.5)","[87.17367721967452, 323]","[80.35079339994098, 315]","[80.35079339994098, 315]","[80.35079339994098, 315]"
352,"(708, 2273)","(853, 2348)","(780.5, 2273)","(780.5, 2348)","(708, 2310.5)","(853, 2310.5)","[83.27214420200791, 324]","[86.73090567957884, 316]","[83.27214420200791, 324]","[83.27214420200791, 324]"
353,"(865, 2273)","(909, 2341)","(887.0, 2273)","(887.0, 2341)","(865, 2307.0)","(909, 2307.0)","[74.70274426016758, 355]","[74.70274426016758, 355]","[74.70274426016758, 355]","[-1, 0]"
354,"(918, 2287)","(1005, 2338)","(961.5, 2287)","(961.5, 2338)","(918, 2312.5)","(1005, 2312.5)","[74.70274426016758, 354]","[74.70274426016758, 354]","[82.23442101699264, 326]","[74.70274426016758, 354]"
355,"(1013, 2276)","(1146, 2338)","(1079.5, 2276)","(1079.5, 2338)","(1013, 2307.0)","(1146, 2307.0)","[94.06513700622564, 357]","[-1, 0]","[-1, 0]","[-1, 0]"
356,"(1158, 2276)","(1189, 2345)","(1173.5, 2276)","(1173.5, 2345)","(1158, 2310.5)","(1189, 2310.5)","[77.3902448632901, 328]","[75.20804478245661, 319]","[75.20804478245661, 319]","[75.20804478245661, 319]"
357,"(1387, 2358)","(1448, 2420)","(1417.5, 2358)","(1417.5, 2420)","(1387, 2389.0)","(1448, 2389.0)","[90.4723714732846, 366]","[78.0544681616626, 337]","[78.0544681616626, 337]","[78.0544681616626, 337]"
358,"(1462, 2369)","(1629, 2430)","(1545.5, 2369)","(1545.5, 2430)","(1462, 2399.5)","(1629, 2399.5)","[73.49319696407281, 367]","[93.15175790075033, 338]","[73.49319696407281, 367]","[73.49319696407281, 367]"
359,"(1648, 2362)","(1764, 2417)","(1706.0, 2362)","(1706.0, 2417)","(1648, 2389.5)","(1764, 2389.5)","[102.63649448417459, 368]","[79.02531240052139, 340]","[79.02531240052139, 340]","[79.02531240052139, 340]"
360,"(1784, 2355)","(1922, 2430)","(1853.0, 2355)","(1853.0, 2430)","(1784, 2392.5)","(1922, 2392.5)","[107.16809226630845, 369]","[91.46857383823145, 345]","[91.46857383823145, 345]","[91.46857383823145, 345]"
361,"(1938, 2358)","(2025, 2413)","(1981.5, 2358)","(1981.5, 2413)","(1938, 2385.5)","(2025, 2385.5)","[-1, 0]","[81.58431221748455, 346]","[81.58431221748455, 346]","[81.58431221748455, 346]"
362,"(2042, 2358)","(2125, 2420)","(2083.5, 2358)","(2083.5, 2420)","(2042, 2389.0)","(2125, 2389.0)","[73.51530452905708, 364]","[73.51530452905708, 364]","[73.51530452905708, 364]","[-1, 0]"
363,"(2134, 2352)","(2180, 2423)","(2157.0, 2352)","(2157.0, 2423)","(2134, 2387.5)","(2180, 2387.5)","[73.51530452905708, 363]","[73.51530452905708, 363]","[80.0, 365]","[73.51530452905708, 363]"
364,"(2192, 2355)","(2282, 2420)","(2237.0, 2355)","(2237.0, 2420)","(2192, 2387.5)","(2282, 2387.5)","[80.0, 364]","[80.0, 364]","[-1, 0]","[80.0, 364]"
365,"(1385, 2451)","(1496, 2502)","(1440.5, 2451)","(1440.5, 2502)","(1385, 2476.5)","(1496, 2476.5)","[77.5967138479459, 371]","[90.4723714732846, 358]","[77.5967138479459, 371]","[77.5967138479459, 371]"
366,"(1506, 2440)","(1602, 2505)","(1554.0, 2440)","(1554.0, 2505)","(1506, 2472.5)","(1602, 2472.5)","[88.87350561331537, 372]","[73.49319696407281, 359]","[73.49319696407281, 359]","[73.49319696407281, 359]"
367,"(1612, 2454)","(1709, 2509)","(1660.5, 2454)","(1660.5, 2509)","(1612, 2481.5)","(1709, 2481.5)","[93.0658369112963, 372]","[102.63649448417459, 360]","[93.0658369112963, 372]","[93.0658369112963, 372]"
368,"(1726, 2454)","(1842, 2495)","(1784.0, 2454)","(1784.0, 2495)","(1726, 2474.5)","(1842, 2474.5)","[75.67198953377662, 373]","[107.16809226630845, 361]","[75.67198953377662, 373]","[75.67198953377662, 373]"
369,"(1859, 2434)","(1992, 2509)","(1925.5, 2434)","(1925.5, 2509)","(1859, 2471.5)","(1992, 2471.5)","[95.09600412215016, 374]","[102.62553288534, 362]","[95.09600412215016, 374]","[95.09600412215016, 374]"
370,"(1387, 2522)","(1520, 2584)","(1453.5, 2522)","(1453.5, 2584)","(1387, 2553.0)","(1520, 2553.0)","[89.86934961375874, 378]","[77.5967138479459, 366]","[77.5967138479459, 366]","[77.5967138479459, 366]"
371,"(1530, 2519)","(1665, 2581)","(1597.5, 2519)","(1597.5, 2581)","(1530, 2550.0)","(1665, 2550.0)","[97.11977141653496, 380]","[88.87350561331537, 367]","[88.87350561331537, 367]","[88.87350561331537, 367]"
372,"(1682, 2522)","(1922, 2574)","(1802.0, 2522)","(1802.0, 2574)","(1682, 2548.0)","(1922, 2548.0)","[93.77632963600144, 382]","[75.67198953377662, 369]","[75.67198953377662, 369]","[75.67198953377662, 369]"
373,"(1936, 2519)","(2013, 2587)","(1974.5, 2519)","(1974.5, 2587)","(1936, 2553.0)","(2013, 2553.0)","[90.73312515283489, 375]","[90.73312515283489, 375]","[90.73312515283489, 375]","[95.09600412215016, 370]"
374,"(2025, 2519)","(2105, 2574)","(2065.0, 2519)","(2065.0, 2574)","(2025, 2546.5)","(2105, 2546.5)","[73.01540933255117, 376]","[73.01540933255117, 376]","[73.01540933255117, 376]","[90.73312515283489, 374]"
375,"(2120, 2516)","(2156, 2574)","(2138.0, 2516)","(2138.0, 2574)","(2120, 2545.0)","(2156, 2545.0)","[73.01540933255117, 375]","[72.11102550927978, 383]","[72.11102550927978, 383]","[72.11102550927978, 383]"
376,"(2170, 2519)","(2274, 2574)","(2222.0, 2519)","(2222.0, 2574)","(2170, 2546.5)","(2274, 2546.5)","[84.01339178964268, 376]","[77.19617866190009, 384]","[77.19617866190009, 384]","[77.19617866190009, 384]"
377,"(1387, 2615)","(1479, 2666)","(1433.0, 2615)","(1433.0, 2666)","(1387, 2640.5)","(1479, 2640.5)","[109.01834707974616, 379]","[89.86934961375874, 371]","[89.86934961375874, 371]","[89.86934961375874, 371]"
378,"(1489, 2604)","(1595, 2673)","(1542.0, 2604)","(1542.0, 2673)","(1489, 2638.5)","(1595, 2638.5)","[95.5, 380]","[95.5, 380]","[95.5, 380]","[104.46291207888089, 372]"
379,"(1605, 2611)","(1670, 2666)","(1637.5, 2611)","(1637.5, 2666)","(1605, 2638.5)","(1670, 2638.5)","[95.5, 379]","[95.5, 379]","[97.11977141653496, 372]","[95.5, 379]"
380,"(1685, 2618)","(1805, 2659)","(1745.0, 2618)","(1745.0, 2659)","(1685, 2638.5)","(1805, 2638.5)","[92.06655201537636, 382]","[92.06655201537636, 382]","[92.06655201537636, 382]","[-1, 0]"
381,"(1820, 2601)","(1854, 2669)","(1837.0, 2601)","(1837.0, 2669)","(1820, 2635.0)","(1854, 2635.0)","[92.06655201537636, 381]","[92.06655201537636, 381]","[93.77632963600144, 373]","[92.06655201537636, 381]"
382,"(2093, 2434)","(2175, 2512)","(2134.0, 2434)","(2134.0, 2512)","(2093, 2473.0)","(2175, 2473.0)","[72.11102550927978, 376]","[-1, 0]","[72.11102550927978, 376]","[72.11102550927978, 376]"
383,"(2183, 2434)","(2272, 2505)","(2227.5, 2434)","(2227.5, 2505)","(2183, 2469.5)","(2272, 2469.5)","[77.19617866190009, 377]","[-1, 0]","[77.19617866190009, 377]","[77.19617866190009, 377]"
384,"(408, 2618)","(517, 2673)","(462.5, 2618)","(462.5, 2673)","(408, 2645.5)","(517, 2645.5)","[119.16060590648236, 390]","[-1, 0]","[-1, 0]","[-1, 0]"
385,"(563, 2611)","(715, 2676)","(639.0, 2611)","(639.0, 2676)","(563, 2643.5)","(715, 2643.5)","[92.34987818075344, 392]","[-1, 0]","[92.34987818075344, 392]","[92.34987818075344, 392]"
386,"(759, 2618)","(945, 2669)","(852.0, 2618)","(852.0, 2669)","(759, 2643.5)","(945, 2643.5)","[-1, 0]","[-1, 0]","[-1, 0]","[-1, 0]"
387,"(993, 2611)","(1042, 2673)","(1017.5, 2611)","(1017.5, 2673)","(993, 2642.0)","(1042, 2642.0)","[-1, 0]","[111.19015244166185, 389]","[-1, 0]","[-1, 0]"
388,"(1068, 2628)","(1189, 2669)","(1128.5, 2628)","(1128.5, 2669)","(1068, 2648.5)","(1189, 2648.5)","[-1, 0]","[111.19015244166185, 388]","[-1, 0]","[-1, 0]"
389,"(305, 2693)","(454, 2769)","(379.5, 2693)","(379.5, 2769)","(305, 2731.0)","(454, 2731.0)","[81.1326075015465, 436]","[119.16060590648236, 385]","[81.1326075015465, 436]","[81.1326075015465, 436]"
390,"(474, 2697)","(628, 2762)","(551.0, 2697)","(551.0, 2762)","(474, 2729.5)","(628, 2729.5)","[82.73149339882606, 438]","[-1, 0]","[82.73149339882606, 438]","[82.73149339882606, 438]"
391,"(648, 2697)","(713, 2755)","(680.5, 2697)","(680.5, 2755)","(648, 2726.0)","(713, 2726.0)","[85.21296849658508, 439]","[92.34987818075344, 386]","[85.21296849658508, 439]","[85.21296849658508, 439]"
392,"(759, 2704)","(904, 2755)","(831.5, 2704)","(831.5, 2755)","(759, 2729.5)","(904, 2729.5)","[-1, 0]","[-1, 0]","[-1, 0]","[-1, 0]"
393,"(926, 2710)","(989, 2755)","(957.5, 2710)","(957.5, 2755)","(926, 2732.5)","(989, 2732.5)","[80.7619960129763, 444]","[92.63503656824453, 395]","[80.7619960129763, 444]","[80.7619960129763, 444]"
394,"(1010, 2710)","(1090, 2765)","(1050.0, 2710)","(1050.0, 2765)","(1010, 2737.5)","(1090, 2737.5)","[92.63503656824453, 394]","[92.63503656824453, 394]","[100.10619361458112, 445]","[92.63503656824453, 394]"
395,"(1112, 2710)","(1194, 2772)","(1153.0, 2710)","(1153.0, 2772)","(1112, 2741.0)","(1194, 2741.0)","[71.58910531638176, 445]","[-1, 0]","[71.58910531638176, 445]","[71.58910531638176, 445]"
396,"(305, 2868)","(454, 2919)","(379.5, 2868)","(379.5, 2919)","(305, 2893.5)","(454, 2893.5)","[93.46790893135461, 440]","[86.46531096341468, 436]","[86.46531096341468, 436]","[86.46531096341468, 436]"
397,"(464, 2857)","(524, 2919)","(494.0, 2857)","(494.0, 2919)","(464, 2888.0)","(524, 2888.0)","[80.51397394241573, 441]","[77.19617866190009, 437]","[77.19617866190009, 437]","[77.19617866190009, 437]"
398,"(534, 2861)","(665, 2926)","(599.5, 2861)","(599.5, 2926)","(534, 2893.5)","(665, 2893.5)","[-1, 0]","[-1, 0]","[-1, 0]","[-1, 0]"
399,"(682, 2857)","(742, 2919)","(712.0, 2857)","(712.0, 2919)","(682, 2888.0)","(742, 2888.0)","[70.78311945654839, 401]","[70.78311945654839, 401]","[70.78311945654839, 401]","[79.82793997091494, 439]"
400,"(749, 2871)","(815, 2926)","(782.0, 2871)","(782.0, 2926)","(749, 2898.5)","(815, 2898.5)","[70.78311945654839, 400]","[70.78311945654839, 400]","[79.8889854735933, 443]","[70.78311945654839, 400]"
401,"(839, 2864)","(945, 2919)","(892.0, 2864)","(892.0, 2919)","(839, 2891.5)","(945, 2891.5)","[105.0773524599854, 443]","[98.20005091648375, 444]","[98.20005091648375, 444]","[98.20005091648375, 444]"
402,"(957, 2861)","(1119, 2912)","(1038.0, 2861)","(1038.0, 2912)","(957, 2886.5)","(1119, 2886.5)","[88.39259018718707, 447]","[113.8913956363693, 444]","[88.39259018718707, 447]","[88.39259018718707, 447]"
403,"(1131, 2857)","(1192, 2916)","(1161.5, 2857)","(1161.5, 2916)","(1131, 2886.5)","(1192, 2886.5)","[89.00561780022652, 449]","[89.23284148787373, 445]","[89.00561780022652, 449]","[89.00561780022652, 449]"
404,"(305, 3028)","(452, 3080)","(378.5, 3028)","(378.5, 3080)","(305, 3054.0)","(452, 3054.0)","[89.15856661028148, 412]","[87.23531395025755, 440]","[87.23531395025755, 440]","[87.23531395025755, 440]"
405,"(481, 3021)","(529, 3086)","(505.0, 3021)","(505.0, 3086)","(481, 3053.5)","(529, 3053.5)","[81.01388769834466, 407]","[81.01388769834466, 407]","[81.01388769834466, 407]","[85.52923476800198, 441]"
406,"(556, 3021)","(616, 3083)","(586.0, 3021)","(586.0, 3083)","(556, 3052.0)","(616, 3052.0)","[81.01388769834466, 406]","[81.01388769834466, 406]","[-1, 0]","[81.01388769834466, 406]"
407,"(643, 3021)","(778, 3083)","(710.5, 3021)","(710.5, 3083)","(643, 3052.0)","(778, 3052.0)","[98.0522819724253, 415]","[70.28869041318099, 442]","[70.28869041318099, 442]","[70.28869041318099, 442]"
408,"(807, 3021)","(989, 3083)","(898.0, 3021)","(898.0, 3083)","(807, 3052.0)","(989, 3052.0)","[91.68560410446125, 417]","[113.92321975787026, 443]","[91.68560410446125, 417]","[91.68560410446125, 417]"
409,"(1018, 3018)","(1121, 3086)","(1069.5, 3018)","(1069.5, 3086)","(1018, 3052.0)","(1121, 3052.0)","[-1, 0]","[82.03810090439686, 447]","[82.03810090439686, 447]","[82.03810090439686, 447]"
410,"(1148, 3018)","(1192, 3083)","(1170.0, 3018)","(1170.0, 3083)","(1148, 3050.5)","(1192, 3050.5)","[80.94751385929032, 419]","[75.37406715840667, 449]","[75.37406715840667, 449]","[75.37406715840667, 449]"
411,"(302, 3107)","(416, 3175)","(359.0, 3107)","(359.0, 3175)","(302, 3141.0)","(416, 3141.0)","[88.94099167425557, 420]","[89.00140448330015, 413]","[88.94099167425557, 420]","[88.94099167425557, 420]"
412,"(425, 3104)","(471, 3179)","(448.0, 3104)","(448.0, 3179)","(425, 3141.5)","(471, 3141.5)","[82.53029746705145, 421]","[85.00588214941364, 414]","[82.53029746705145, 421]","[82.53029746705145, 421]"
413,"(488, 3117)","(578, 3168)","(533.0, 3117)","(533.0, 3168)","(488, 3142.5)","(578, 3142.5)","[76.29711659034042, 422]","[85.00588214941364, 413]","[76.29711659034042, 422]","[76.29711659034042, 422]"
414,"(595, 3107)","(730, 3168)","(662.5, 3107)","(662.5, 3168)","(595, 3137.5)","(730, 3137.5)","[87.48857068211825, 423]","[98.0522819724253, 408]","[87.48857068211825, 423]","[87.48857068211825, 423]"
415,"(744, 3114)","(894, 3165)","(819.0, 3114)","(819.0, 3165)","(744, 3139.5)","(894, 3139.5)","[83.5134719671024, 425]","[-1, 0]","[83.5134719671024, 425]","[83.5134719671024, 425]"
416,"(909, 3104)","(967, 3165)","(938.0, 3104)","(938.0, 3165)","(909, 3134.5)","(967, 3134.5)","[81.0586207630009, 426]","[91.68560410446125, 409]","[81.0586207630009, 426]","[81.0586207630009, 426]"
417,"(981, 3104)","(1117, 3182)","(1049.0, 3104)","(1049.0, 3182)","(981, 3143.0)","(1117, 3143.0)","[-1, 0]","[-1, 0]","[-1, 0]","[-1, 0]"
418,"(1131, 3100)","(1192, 3162)","(1161.5, 3100)","(1161.5, 3162)","(1131, 3131.0)","(1192, 3131.0)","[-1, 0]","[80.94751385929032, 411]","[80.94751385929032, 411]","[80.94751385929032, 411]"
419,"(297, 3189)","(372, 3264)","(334.5, 3189)","(334.5, 3264)","(297, 3226.5)","(372, 3226.5)","[80.96449839281412, 427]","[88.94099167425557, 412]","[80.96449839281412, 427]","[80.96449839281412, 427]"
420,"(377, 3182)","(493, 3264)","(435.0, 3182)","(435.0, 3264)","(377, 3223.0)","(493, 3223.0)","[82.74811176093385, 428]","[82.53029746705145, 413]","[82.53029746705145, 413]","[82.53029746705145, 413]"
421,"(498, 3186)","(546, 3250)","(522.0, 3186)","(522.0, 3250)","(498, 3218.0)","(546, 3218.0)","[87.14355971613737, 421]","[76.29711659034042, 414]","[76.29711659034042, 414]","[76.29711659034042, 414]"
422,"(556, 3189)","(708, 3250)","(632.0, 3189)","(632.0, 3250)","(556, 3219.5)","(708, 3219.5)","[82.21921916437786, 430]","[87.48857068211825, 415]","[82.21921916437786, 430]","[82.21921916437786, 430]"
423,"(720, 3186)","(781, 3247)","(750.5, 3186)","(750.5, 3247)","(720, 3216.5)","(781, 3216.5)","[-1, 0]","[-1, 0]","[-1, 0]","[-1, 0]"
424,"(793, 3186)","(902, 3250)","(847.5, 3186)","(847.5, 3250)","(793, 3218.0)","(902, 3218.0)","[90.01249913206499, 432]","[83.5134719671024, 416]","[83.5134719671024, 416]","[83.5134719671024, 416]"
425,"(911, 3186)","(984, 3244)","(947.5, 3186)","(947.5, 3244)","(911, 3215.0)","(984, 3215.0)","[99.45476358626568, 433]","[81.0586207630009, 417]","[81.0586207630009, 417]","[81.0586207630009, 417]"
426,"(297, 3264)","(433, 3339)","(365.0, 3264)","(365.0, 3339)","(297, 3301.5)","(433, 3301.5)","[99.00505037623081, 428]","[80.96449839281412, 420]","[80.96449839281412, 420]","[80.96449839281412, 420]"
427,"(442, 3268)","(486, 3333)","(464.0, 3268)","(464.0, 3333)","(442, 3300.5)","(486, 3300.5)","[75.66372975210778, 429]","[75.66372975210778, 429]","[75.66372975210778, 429]","[82.74811176093385, 421]"
428,"(498, 3271)","(580, 3350)","(539.0, 3271)","(539.0, 3350)","(498, 3310.5)","(580, 3310.5)","[75.66372975210778, 428]","[75.66372975210778, 428]","[94.04918925753694, 422]","[75.66372975210778, 428]"
429,"(592, 3274)","(684, 3329)","(638.0, 3274)","(638.0, 3329)","(592, 3301.5)","(684, 3301.5)","[-1, 0]","[82.21921916437786, 423]","[82.21921916437786, 423]","[82.21921916437786, 423]"
430,"(703, 3281)","(798, 3322)","(750.5, 3281)","(750.5, 3322)","(703, 3301.5)","(798, 3301.5)","[-1, 0]","[-1, 0]","[-1, 0]","[-1, 0]"
431,"(824, 3268)","(943, 3333)","(883.5, 3268)","(883.5, 3333)","(824, 3300.5)","(943, 3300.5)","[-1, 0]","[90.01249913206499, 425]","[90.01249913206499, 425]","[90.01249913206499, 425]"
432,"(955, 3264)","(1054, 3329)","(1004.5, 3264)","(1004.5, 3329)","(955, 3296.5)","(1054, 3296.5)","[-1, 0]","[-1, 0]","[-1, 0]","[99.45476358626568, 426]"
433,"(1066, 3264)","(1134, 3329)","(1100.0, 3264)","(1100.0, 3329)","(1066, 3296.5)","(1134, 3296.5)","[66.0927378764112, 435]","[66.0927378764112, 435]","[66.0927378764112, 435]","[88.35298523536146, 492]"
434,"(1143, 3264)","(1189, 3336)","(1166.0, 3264)","(1166.0, 3336)","(1143, 3300.0)","(1189, 3300.0)","[66.0927378764112, 434]","[66.0927378764112, 434]","[88.229813555283, 492]","[66.0927378764112, 434]"
435,"(305, 2782)","(413, 2837)","(359.0, 2782)","(359.0, 2837)","(305, 2809.5)","(413, 2809.5)","[86.46531096341468, 397]","[81.1326075015465, 390]","[81.1326075015465, 390]","[81.1326075015465, 390]"
436,"(445, 2775)","(532, 2847)","(488.5, 2775)","(488.5, 2847)","(445, 2811.0)","(532, 2811.0)","[77.19617866190009, 398]","[94.13288479590966, 438]","[77.19617866190009, 398]","[77.19617866190009, 398]"
437,"(566, 2775)","(599, 2837)","(582.5, 2775)","(582.5, 2837)","(566, 2806.0)","(599, 2806.0)","[-1, 0]","[82.73149339882606, 391]","[82.73149339882606, 391]","[82.73149339882606, 391]"
438,"(631, 2772)","(764, 2847)","(697.5, 2772)","(697.5, 2847)","(631, 2809.5)","(764, 2809.5)","[79.82793997091494, 400]","[85.21296849658508, 392]","[79.82793997091494, 400]","[79.82793997091494, 400]"
439,"(300, 2943)","(375, 3011)","(337.5, 2943)","(337.5, 3011)","(300, 2977.0)","(375, 2977.0)","[87.23531395025755, 405]","[93.46790893135461, 397]","[87.23531395025755, 405]","[87.23531395025755, 405]"
440,"(396, 2943)","(595, 2994)","(495.5, 2943)","(495.5, 2994)","(396, 2968.5)","(595, 2968.5)","[85.52923476800198, 406]","[80.51397394241573, 398]","[80.51397394241573, 398]","[80.51397394241573, 398]"
441,"(619, 2957)","(781, 3008)","(700.0, 2957)","(700.0, 3008)","(619, 2982.5)","(781, 2982.5)","[70.28869041318099, 408]","[95.25885785584457, 400]","[70.28869041318099, 408]","[70.28869041318099, 408]"
442,"(802, 2939)","(839, 2998)","(820.5, 2939)","(820.5, 2998)","(802, 2968.5)","(839, 2968.5)","[113.92321975787026, 409]","[79.8889854735933, 401]","[79.8889854735933, 401]","[79.8889854735933, 401]"
443,"(882, 2782)","(1020, 2844)","(951.0, 2782)","(951.0, 2844)","(882, 2813.0)","(1020, 2813.0)","[98.20005091648375, 402]","[80.7619960129763, 394]","[80.7619960129763, 394]","[80.7619960129763, 394]"
444,"(1054, 2775)","(1192, 2837)","(1123.0, 2775)","(1123.0, 2837)","(1054, 2806.0)","(1192, 2806.0)","[89.23284148787373, 404]","[71.58910531638176, 396]","[71.58910531638176, 396]","[71.58910531638176, 396]"
445,"(943, 2936)","(1020, 3008)","(981.5, 2936)","(981.5, 3008)","(943, 2972.0)","(1020, 2972.0)","[85.52338861387568, 447]","[85.52338861387568, 447]","[85.52338861387568, 447]","[102.48170568447814, 403]"
446,"(1037, 2939)","(1097, 3001)","(1067.0, 2939)","(1067.0, 3001)","(1037, 2970.0)","(1097, 2970.0)","[72.70832139445939, 448]","[72.70832139445939, 448]","[72.70832139445939, 448]","[82.03810090439686, 410]"
447,"(1124, 2960)","(1155, 2991)","(1139.5, 2960)","(1139.5, 2991)","(1124, 2975.5)","(1155, 2975.5)","[23.0, 449]","[23.0, 449]","[23.0, 449]","[23.0, 449]"
448,"(1146, 2960)","(1179, 2991)","(1162.5, 2960)","(1162.5, 2991)","(1146, 2975.5)","(1179, 2975.5)","[23.0, 448]","[23.0, 448]","[23.0, 448]","[23.0, 448]"
449,"(1491, 2786)","(1564, 2844)","(1527.5, 2786)","(1527.5, 2844)","(1491, 2815.0)","(1564, 2815.0)","[85.86763068817027, 460]","[109.09285036151545, 451]","[85.86763068817027, 460]","[85.86763068817027, 460]"
450,"(1576, 2792)","(1697, 2847)","(1636.5, 2792)","(1636.5, 2847)","(1576, 2819.5)","(1697, 2819.5)","[70.67708256570867, 461]","[109.09285036151545, 450]","[70.67708256570867, 461]","[70.67708256570867, 461]"
451,"(1709, 2772)","(1798, 2837)","(1753.5, 2772)","(1753.5, 2837)","(1709, 2804.5)","(1798, 2804.5)","[85.87345340674264, 462]","[86.14232409216737, 453]","[85.87345340674264, 462]","[85.87345340674264, 462]"
452,"(1805, 2786)","(1873, 2844)","(1839.0, 2786)","(1839.0, 2844)","(1805, 2815.0)","(1873, 2815.0)","[75.0483177692878, 454]","[75.0483177692878, 454]","[75.0483177692878, 454]","[80.73722809212613, 463]"
453,"(1883, 2772)","(1943, 2833)","(1913.0, 2772)","(1913.0, 2833)","(1883, 2802.5)","(1943, 2802.5)","[56.97587208634897, 455]","[56.97587208634897, 455]","[56.97587208634897, 455]","[75.0483177692878, 453]"
454,"(1951, 2775)","(1987, 2851)","(1969.0, 2775)","(1969.0, 2851)","(1951, 2813.0)","(1987, 2813.0)","[56.97587208634897, 454]","[56.97587208634897, 454]","[59.434838268476845, 456]","[56.97587208634897, 454]"
455,"(1996, 2772)","(2059, 2833)","(2027.5, 2772)","(2027.5, 2833)","(1996, 2802.5)","(2059, 2802.5)","[59.434838268476845, 455]","[59.434838268476845, 455]","[69.5, 457]","[59.434838268476845, 455]"
456,"(2067, 2772)","(2127, 2833)","(2097.0, 2772)","(2097.0, 2833)","(2067, 2802.5)","(2127, 2802.5)","[69.5, 456]","[69.5, 456]","[84.50443775329198, 465]","[69.5, 456]"
457,"(2139, 2786)","(2279, 2827)","(2209.0, 2786)","(2209.0, 2827)","(2139, 2806.5)","(2279, 2806.5)","[88.77640452282351, 466]","[112.0714058089752, 457]","[88.77640452282351, 466]","[88.77640452282351, 466]"
458,"(1390, 2857)","(1496, 2926)","(1443.0, 2857)","(1443.0, 2926)","(1390, 2891.5)","(1496, 2891.5)","[80.5, 467]","[113.98464808911768, 450]","[80.5, 467]","[80.5, 467]"
459,"(1518, 2857)","(1615, 2926)","(1566.5, 2857)","(1566.5, 2926)","(1518, 2891.5)","(1615, 2891.5)","[82.12338278468563, 468]","[85.86763068817027, 450]","[82.12338278468563, 468]","[82.12338278468563, 468]"
460,"(1636, 2854)","(1682, 2919)","(1659.0, 2854)","(1659.0, 2919)","(1636, 2886.5)","(1682, 2886.5)","[86.57078028988765, 462]","[70.67708256570867, 451]","[70.67708256570867, 451]","[70.67708256570867, 451]"
461,"(1702, 2864)","(1789, 2916)","(1745.5, 2864)","(1745.5, 2916)","(1702, 2890.0)","(1789, 2890.0)","[78.69243928103894, 469]","[85.87345340674264, 452]","[78.69243928103894, 469]","[78.69243928103894, 469]"
462,"(1810, 2854)","(1943, 2919)","(1876.5, 2854)","(1876.5, 2919)","(1810, 2886.5)","(1943, 2886.5)","[89.02948949645842, 470]","[80.73722809212613, 453]","[80.73722809212613, 453]","[80.73722809212613, 453]"
463,"(1967, 2854)","(2006, 2909)","(1986.5, 2854)","(1986.5, 2909)","(1967, 2881.5)","(2006, 2881.5)","[87.84218804196534, 471]","[70.70007072132248, 455]","[70.70007072132248, 455]","[70.70007072132248, 455]"
464,"(2040, 2851)","(2214, 2912)","(2127.0, 2851)","(2127.0, 2912)","(2040, 2881.5)","(2214, 2881.5)","[86.68333173107735, 472]","[84.50443775329198, 457]","[84.50443775329198, 457]","[84.50443775329198, 457]"
465,"(2236, 2844)","(2277, 2919)","(2256.5, 2844)","(2256.5, 2919)","(2236, 2881.5)","(2277, 2881.5)","[77.0, 473]","[88.77640452282351, 458]","[77.0, 473]","[77.0, 473]"
466,"(1385, 2933)","(1501, 3011)","(1443.0, 2933)","(1443.0, 3011)","(1385, 2972.0)","(1501, 2972.0)","[78.74801584801995, 474]","[80.5, 459]","[78.74801584801995, 474]","[78.74801584801995, 474]"
467,"(1520, 2939)","(1622, 3008)","(1571.0, 2939)","(1571.0, 3008)","(1520, 2973.5)","(1622, 2973.5)","[79.21647555906536, 475]","[82.12338278468563, 460]","[79.21647555906536, 475]","[79.21647555906536, 475]"
468,"(1648, 2943)","(1832, 2994)","(1740.0, 2943)","(1740.0, 2994)","(1648, 2968.5)","(1832, 2968.5)","[81.74350127074322, 477]","[78.69243928103894, 462]","[78.69243928103894, 462]","[78.69243928103894, 462]"
469,"(1859, 2943)","(1953, 2998)","(1906.0, 2943)","(1906.0, 2998)","(1859, 2970.5)","(1953, 2970.5)","[94.49338601193207, 479]","[89.02948949645842, 463]","[89.02948949645842, 463]","[89.02948949645842, 463]"
470,"(1977, 2929)","(2059, 2998)","(2018.0, 2929)","(2018.0, 2998)","(1977, 2963.5)","(2059, 2963.5)","[95.4148835350125, 479]","[87.84218804196534, 464]","[87.84218804196534, 464]","[87.84218804196534, 464]"
471,"(2079, 2929)","(2209, 3004)","(2144.0, 2929)","(2144.0, 3004)","(2079, 2966.5)","(2209, 2966.5)","[82.95932738396569, 480]","[86.68333173107735, 465]","[82.95932738396569, 480]","[82.95932738396569, 480]"
472,"(2231, 2926)","(2282, 2991)","(2256.5, 2926)","(2256.5, 2991)","(2231, 2958.5)","(2282, 2958.5)","[111.12605455067681, 480]","[77.0, 466]","[77.0, 466]","[77.0, 466]"
473,"(1387, 3018)","(1532, 3080)","(1459.5, 3018)","(1459.5, 3080)","(1387, 3049.0)","(1532, 3049.0)","[82.01371836467361, 481]","[78.74801584801995, 467]","[78.74801584801995, 467]","[78.74801584801995, 467]"
474,"(1547, 3021)","(1646, 3076)","(1596.5, 3021)","(1596.5, 3076)","(1547, 3048.5)","(1646, 3048.5)","[85.51315688243535, 476]","[79.21647555906536, 468]","[79.21647555906536, 468]","[79.21647555906536, 468]"
475,"(1660, 3021)","(1704, 3073)","(1682.0, 3021)","(1682.0, 3073)","(1660, 3047.0)","(1704, 3047.0)","[79.00158226263572, 477]","[79.00158226263572, 477]","[79.00158226263572, 477]","[85.51315688243535, 475]"
476,"(1714, 3015)","(1808, 3080)","(1761.0, 3015)","(1761.0, 3080)","(1714, 3047.5)","(1808, 3047.5)","[79.00158226263572, 476]","[79.00158226263572, 476]","[81.74350127074322, 469]","[79.00158226263572, 476]"
477,"(1822, 3032)","(1909, 3086)","(1865.5, 3032)","(1865.5, 3086)","(1822, 3059.0)","(1909, 3059.0)","[-1, 0]","[-1, 0]","[-1, 0]","[-1, 0]"
478,"(1919, 3011)","(2013, 3076)","(1966.0, 3011)","(1966.0, 3076)","(1919, 3043.5)","(2013, 3043.5)","[89.36582120699165, 484]","[94.49338601193207, 470]","[89.36582120699165, 484]","[89.36582120699165, 484]"
479,"(2081, 3015)","(2282, 3066)","(2181.5, 3015)","(2181.5, 3066)","(2081, 3040.5)","(2282, 3040.5)","[94.74835090913193, 486]","[82.95932738396569, 472]","[82.95932738396569, 472]","[82.95932738396569, 472]"
480,"(1390, 3100)","(1532, 3162)","(1461.0, 3100)","(1461.0, 3162)","(1390, 3131.0)","(1532, 3131.0)","[87.66413177577246, 488]","[82.01371836467361, 474]","[82.01371836467361, 474]","[82.01371836467361, 474]"
481,"(1549, 3104)","(1731, 3168)","(1640.0, 3104)","(1640.0, 3168)","(1549, 3136.0)","(1731, 3136.0)","[-1, 0]","[-1, 0]","[-1, 0]","[-1, 0]"
482,"(1750, 3097)","(1936, 3172)","(1843.0, 3097)","(1843.0, 3172)","(1750, 3134.5)","(1936, 3134.5)","[-1, 0]","[-1, 0]","[-1, 0]","[-1, 0]"
483,"(1972, 3093)","(2021, 3162)","(1996.5, 3093)","(1996.5, 3162)","(1972, 3127.5)","(2021, 3127.5)","[64.0956316764255, 485]","[64.0956316764255, 485]","[64.0956316764255, 485]","[89.36582120699165, 479]"
484,"(2033, 3093)","(2088, 3155)","(2060.5, 3093)","(2060.5, 3155)","(2033, 3124.0)","(2088, 3124.0)","[64.0956316764255, 484]","[64.0956316764255, 484]","[83.68542286443918, 490]","[64.0956316764255, 484]"
485,"(2103, 3104)","(2195, 3155)","(2149.0, 3104)","(2149.0, 3155)","(2103, 3129.5)","(2195, 3129.5)","[88.670739254841, 485]","[88.670739254841, 485]","[94.17669563113796, 490]","[88.670739254841, 485]"
486,"(2204, 3104)","(2284, 3155)","(2244.0, 3104)","(2244.0, 3155)","(2204, 3129.5)","(2284, 3129.5)","[78.57639594687453, 491]","[95.0, 486]","[78.57639594687453, 491]","[78.57639594687453, 491]"
487,"(1390, 3186)","(1470, 3240)","(1430.0, 3186)","(1430.0, 3240)","(1390, 3213.0)","(1470, 3213.0)","[91.33044399322715, 493]","[87.66413177577246, 481]","[87.66413177577246, 481]","[87.66413177577246, 481]"
488,"(1518, 3175)","(1987, 3247)","(1752.5, 3175)","(1752.5, 3247)","(1518, 3211.0)","(1987, 3211.0)","[94.04786015641186, 495]","[-1, 0]","[94.04786015641186, 495]","[94.04786015641186, 495]"
489,"(2018, 3172)","(2161, 3233)","(2089.5, 3172)","(2089.5, 3233)","(2018, 3202.5)","(2161, 3202.5)","[95.4148835350125, 497]","[83.68542286443918, 485]","[83.68542286443918, 485]","[83.68542286443918, 485]"
490,"(2185, 3182)","(2284, 3233)","(2234.5, 3182)","(2234.5, 3233)","(2185, 3207.5)","(2284, 3207.5)","[74.16872656315464, 498]","[78.57639594687453, 487]","[74.16872656315464, 498]","[74.16872656315464, 498]"
491,"(1083, 3189)","(1192, 3244)","(1137.5, 3189)","(1137.5, 3244)","(1083, 3216.5)","(1192, 3216.5)","[88.229813555283, 435]","[-1, 0]","[88.229813555283, 435]","[88.229813555283, 435]"
492,"(1387, 3264)","(1547, 3329)","(1467.0, 3264)","(1467.0, 3329)","(1387, 3296.5)","(1547, 3296.5)","[-1, 0]","[91.33044399322715, 488]","[91.33044399322715, 488]","[91.33044399322715, 488]"
493,"(1566, 3264)","(1740, 3315)","(1653.0, 3264)","(1653.0, 3315)","(1566, 3289.5)","(1740, 3289.5)","[-1, 0]","[-1, 0]","[-1, 0]","[-1, 0]"
494,"(1762, 3261)","(1851, 3315)","(1806.5, 3261)","(1806.5, 3315)","(1762, 3288.0)","(1851, 3288.0)","[-1, 0]","[94.04786015641186, 489]","[94.04786015641186, 489]","[94.04786015641186, 489]"
495,"(1958, 3261)","(2100, 3312)","(2029.0, 3261)","(2029.0, 3312)","(1958, 3286.5)","(2100, 3286.5)","[112.57108865068331, 497]","[103.51932186794889, 490]","[103.51932186794889, 490]","[103.51932186794889, 490]"
496,"(2120, 3250)","(2163, 3315)","(2141.5, 3250)","(2141.5, 3315)","(2120, 3282.5)","(2163, 3282.5)","[88.0056816347672, 498]","[88.0056816347672, 498]","[88.0056816347672, 498]","[95.4148835350125, 490]"
497,"(2180, 3254)","(2279, 3309)","(2229.5, 3254)","(2229.5, 3309)","(2180, 3281.5)","(2279, 3281.5)","[88.0056816347672, 497]","[74.16872656315464, 491]","[74.16872656315464, 491]","[74.16872656315464, 491]"
